gender, first_name, last_name, full_name
male, TODD, RENKE, TODD RENKE
female, BRITTANIE, GINCHEREAU, BRITTANIE GINCHEREAU
male, DARRIAN, ELIXSON, DARRIAN ELIXSON
female, TANISHA, MAZALEWSKI, TANISHA MAZALEWSKI
male, WAYLAND, MUCH, WAYLAND MUCH
female, JEWELL, SOROS, JEWELL SOROS
male, BRAYAN, SCHIFFMAN, BRAYAN SCHIFFMAN
female, DAVID, KNOKE, DAVID KNOKE
male, HOWARD, COUTCHER, HOWARD COUTCHER
female, BRYNN, ESCANDON, BRYNN ESCANDON
male, WOODROW, KEIDERLING, WOODROW KEIDERLING
female, RENE, MACCHIO, RENE MACCHIO
male, YORK, HARRENSTEIN, YORK HARRENSTEIN
female, CLEM, HOMES, CLEM HOMES
male, JELANI, CEUS, JELANI CEUS
female, MARI, RECHTER, MARI RECHTER
male, ARTHER, JONS, ARTHER JONS
female, ISABELLE, LEMAHIEU, ISABELLE LEMAHIEU
male, YAAKOV, OBREY, YAAKOV OBREY
female, ELLIE, UDELL, ELLIE UDELL
male, DEMARION, HARTWAY, DEMARION HARTWAY
female, CHRISTA, BOOKHARDT, CHRISTA BOOKHARDT
male, FERDINAND, DUFNER, FERDINAND DUFNER
female, LUTIE, NOGUEZ, LUTIE NOGUEZ
male, KASH, ZACHRY, KASH ZACHRY
female, ROENA, HOLLIWAY, ROENA HOLLIWAY
male, TERRANCE, PFILE, TERRANCE PFILE
female, LEMPI, MESSNER, LEMPI MESSNER
male, NELS, EETEN, NELS EETEN
female, LATOSHA, BRINKMEYER, LATOSHA BRINKMEYER
male, JUSTUS, BOEHLE, JUSTUS BOEHLE
female, LURA, WEIHING, LURA WEIHING
male, CASS, PFORTMILLER, CASS PFORTMILLER
female, CHERYLL, TERNER, CHERYLL TERNER
male, TEGAN, BALDRIDGE, TEGAN BALDRIDGE
female, DARLA, BLAUM, DARLA BLAUM
male, ARCHIE, PALANZA, ARCHIE PALANZA
female, ETHELYN, ECKELBERG, ETHELYN ECKELBERG
male, YEE, CORDIN, YEE CORDIN
female, TAWANA, CLANEY, TAWANA CLANEY
male, UNNAMED, LITTLEPAGE, UNNAMED LITTLEPAGE
female, ADRIANE, LARRALDE, ADRIANE LARRALDE
male, CHRISTY, MACKLE, CHRISTY MACKLE
female, RENNIE, VESPER, RENNIE VESPER
male, RUEL, VATTEROTT, RUEL VATTEROTT
female, LESLY, ABBADESSA, LESLY ABBADESSA
male, EVERT, VIRELLI, EVERT VIRELLI
female, SHERYL, KONNICK, SHERYL KONNICK
male, RAYFORD, TRAKAS, RAYFORD TRAKAS
female, GLENNIE, LEPRI, GLENNIE LEPRI
male, ANTWAIN, VAAL, ANTWAIN VAAL
female, BRITT, WHELDON, BRITT WHELDON
male, JAQUAN, SOFIE, JAQUAN SOFIE
female, ERNESTINA, GULBRONSON, ERNESTINA GULBRONSON
male, HATTIE, RUFFINI, HATTIE RUFFINI
female, MINERVIA, LAFOUNTAIN, MINERVIA LAFOUNTAIN
male, JERREL, ABRANTES, JERREL ABRANTES
female, JANETTE, SALLOWS, JANETTE SALLOWS
male, CHRISTOPER, GESSERT, CHRISTOPER GESSERT
female, SYLVA, COULT, SYLVA COULT
male, SALOMON, GUADERRAMA, SALOMON GUADERRAMA
female, HALI, DAVILMAR, HALI DAVILMAR
male, COLVIN, MCPHARLIN, COLVIN MCPHARLIN
female, ERNESTINE, BILAND, ERNESTINE BILAND
male, OWEN, MEENA, OWEN MEENA
female, XENA, JUNIPER, XENA JUNIPER
male, CLAIRE, BALINO, CLAIRE BALINO
female, LOVEY, MONTEAGUDO, LOVEY MONTEAGUDO
male, MOE, GETTENS, MOE GETTENS
female, MARGENE, CARACHEO, MARGENE CARACHEO
male, THOR, KIRCHOFF, THOR KIRCHOFF
female, MELVA, OZMENT, MELVA OZMENT
male, MAVERICK, OBERHAUSER, MAVERICK OBERHAUSER
female, KATRINA, DACRE, KATRINA DACRE
male, ARCHIE, MONTELBANO, ARCHIE MONTELBANO
female, LORELAI, SHYMANSKI, LORELAI SHYMANSKI
male, BRANSON, ARLAND, BRANSON ARLAND
female, LILLIE, MAMARIL, LILLIE MAMARIL
male, KENDELL, MOELLENDORF, KENDELL MOELLENDORF
female, ISABELA, PETRICK, ISABELA PETRICK
male, LAMAR, MCBETH, LAMAR MCBETH
female, JULISA, JAMEISON, JULISA JAMEISON
male, JOB, LYBECK, JOB LYBECK
female, MARGERY, DEADRICK, MARGERY DEADRICK
male, DARRYLE, FEELEY, DARRYLE FEELEY
female, SOCORRO, KASSON, SOCORRO KASSON
male, SKYLAR, PAFFRATH, SKYLAR PAFFRATH
female, MADISON, MANGANARO, MADISON MANGANARO
male, JERREL, WILMERDING, JERREL WILMERDING
female, DAYANA, MEJIASANCHEZ, DAYANA MEJIASANCHEZ
male, BLANCHE, KEMPEN, BLANCHE KEMPEN
female, RASHIDA, RIRIE, RASHIDA RIRIE
male, MYRL, BURIN, MYRL BURIN
female, MARGARETTA, LOCKER, MARGARETTA LOCKER
male, DEION, EUM, DEION EUM
female, SARITA, BIDDLE, SARITA BIDDLE
male, HEZEKIAH, ALTERIO, HEZEKIAH ALTERIO
female, BEDA, LOUISMA, BEDA LOUISMA
male, CAYDEN, GAIBOR, CAYDEN GAIBOR
female, BERNARDINE, PULLARO, BERNARDINE PULLARO
male, SEWARD, PRADEEP, SEWARD PRADEEP
female, OPAL, DIMES, OPAL DIMES
male, SKIP, LILJEDAHL, SKIP LILJEDAHL
female, DICY, CLOTFELTER, DICY CLOTFELTER
male, LANNIE, STEHNO, LANNIE STEHNO
female, KEYLA, AMRINE, KEYLA AMRINE
male, ORVILLE, FALETOGO, ORVILLE FALETOGO
female, CHANEY, SLOTNICK, CHANEY SLOTNICK
male, RONIN, FOLSOM, RONIN FOLSOM
female, KRISTIN, BONOME, KRISTIN BONOME
male, MAURO, FABRIZI, MAURO FABRIZI
female, BRIGITTE, GIARDIELLO, BRIGITTE GIARDIELLO
male, LINTON, DIMASCIO, LINTON DIMASCIO
female, HORTENCIA, DOWNTON, HORTENCIA DOWNTON
male, JIMMY, TRICARICO, JIMMY TRICARICO
female, AMARA, JIMENEZ, AMARA JIMENEZ
male, LEIGHTON, EMERY, LEIGHTON EMERY
female, DOMINIQUE, FEDERLE, DOMINIQUE FEDERLE
male, DUNCAN, VIGOA, DUNCAN VIGOA
female, BEADIE, MENDEZRODRIGUE, BEADIE MENDEZRODRIGUE
male, ZANE, BENITEZGARCIA, ZANE BENITEZGARCIA
female, BEA, BARROR, BEA BARROR
male, ELBERT, HARE, ELBERT HARE
female, LILLIANNA, BRENA, LILLIANNA BRENA
male, DARELL, WORDELMAN, DARELL WORDELMAN
female, ASHLEY, TRACK, ASHLEY TRACK
male, PERLEY, FIELITZ, PERLEY FIELITZ
female, EMMY, SHALE, EMMY SHALE
male, SYED, KOBLE, SYED KOBLE
female, KAYLAN, IMPERIALE, KAYLAN IMPERIALE
male, ADRIEN, KINLOW, ADRIEN KINLOW
female, SLOANE, BOCKSTAHLER, SLOANE BOCKSTAHLER
male, SEAN, STRUWE, SEAN STRUWE
female, RACHAEL, SHEU, RACHAEL SHEU
male, SIMON, SANGUINET, SIMON SANGUINET
female, DORTHA, TAFELSKI, DORTHA TAFELSKI
male, LINDELL, KNETTEL, LINDELL KNETTEL
female, MELANY, BIRCH, MELANY BIRCH
male, MANUEL, CAPPELLI, MANUEL CAPPELLI
female, AYANNA, SERRITELLA, AYANNA SERRITELLA
male, VIRGEL, FLEER, VIRGEL FLEER
female, KATHERIN, WEINSHEIMER, KATHERIN WEINSHEIMER
male, DENNIE, PANACCIONE, DENNIE PANACCIONE
female, SANTA, SOFIELD, SANTA SOFIELD
male, DEMETRIOS, PISAREK, DEMETRIOS PISAREK
female, KAYLEN, FOUHY, KAYLEN FOUHY
male, URIJAH, GJONBALAJ, URIJAH GJONBALAJ
female, CHARITY, MADDERRA, CHARITY MADDERRA
male, ARNE, RAVIZZA, ARNE RAVIZZA
female, LAVERA, LOVAS, LAVERA LOVAS
male, KADYN, VOY, KADYN VOY
female, ROSENA, PURVEY, ROSENA PURVEY
male, EUGENIO, NOSSER, EUGENIO NOSSER
female, ORRA, TILLISON, ORRA TILLISON
male, BRAYLON, DOLBOW, BRAYLON DOLBOW
female, VERTIE, CONATSER, VERTIE CONATSER
male, SPURGEON, KULISH, SPURGEON KULISH
female, GABRIEL, MAGGERT, GABRIEL MAGGERT
male, HORTON, BORCKY, HORTON BORCKY
female, ALZINA, VANNICOLA, ALZINA VANNICOLA
male, HAL, AUWAE, HAL AUWAE
female, DELTA, LAUTERWASSER, DELTA LAUTERWASSER
male, FANNIE, BRIDENTHAL, FANNIE BRIDENTHAL
female, MENDY, KALOUDIS, MENDY KALOUDIS
male, DEAN, CZAR, DEAN CZAR
female, STELLA, IMLACH, STELLA IMLACH
male, KAIDEN, QUERIDO, KAIDEN QUERIDO
female, MACEY, ALOP, MACEY ALOP
male, ZIGMUND, CHEON, ZIGMUND CHEON
female, KASIE, ERLIKH, KASIE ERLIKH
male, JADIEL, BAUDIER, JADIEL BAUDIER
female, ERIE, WHITMEYER, ERIE WHITMEYER
male, CHERYL, BAZALAR, CHERYL BAZALAR
female, ALANI, GRANDIZIO, ALANI GRANDIZIO
male, TEDDIE, STICKFORT, TEDDIE STICKFORT
female, HONORA, MALINOSKY, HONORA MALINOSKY
male, ELIEZER, DUPES, ELIEZER DUPES
female, CLORA, TRENTHAM, CLORA TRENTHAM
male, WELTON, BOHMER, WELTON BOHMER
female, JERRY, ZVARA, JERRY ZVARA
male, WINDELL, KAMMERDIENER, WINDELL KAMMERDIENER
female, ETHA, ETSITTY, ETHA ETSITTY
male, DEBORAH, GONZALEZNUNEZ, DEBORAH GONZALEZNUNEZ
female, ANGELINA, BENSCOTER, ANGELINA BENSCOTER
male, ALECK, LOPEZCASTRO, ALECK LOPEZCASTRO
female, ELOIS, LOGG, ELOIS LOGG
male, WAYNE, LASATER, WAYNE LASATER
female, PRISCILA, BRIEL, PRISCILA BRIEL
male, SHERRILL, GIANAKOPOULOS, SHERRILL GIANAKOPOULOS
female, ANGELIA, HARDBARGER, ANGELIA HARDBARGER
male, JAN, MODAFFERI, JAN MODAFFERI
female, LUDA, KOHNE, LUDA KOHNE
male, SANTIAGO, GAAS, SANTIAGO GAAS
female, GRETTA, SICARI, GRETTA SICARI
male, NORMAND, SINI, NORMAND SINI
female, SHAMEKA, MOHRHAUSER, SHAMEKA MOHRHAUSER
male, CASSIE, WEINGART, CASSIE WEINGART
female, DEBORA, ELLERD, DEBORA ELLERD
male, MAKAI, MORAIS, MAKAI MORAIS
female, BEVERLEE, VEITENHEIMER, BEVERLEE VEITENHEIMER
male, EZEQUIEL, MCARDLE, EZEQUIEL MCARDLE
female, ESTER, MIROSHNICHENKO, ESTER MIROSHNICHENKO
male, JAME, MAZE, JAME MAZE
female, MICHAL, AYVAR, MICHAL AYVAR
male, RALEIGH, DENNE, RALEIGH DENNE
female, JAYME, PREIMESBERGER, JAYME PREIMESBERGER
male, GARY, PROSPERO, GARY PROSPERO
female, MAKENA, AUKLAND, MAKENA AUKLAND
male, PAULINE, MEN, PAULINE MEN
female, ALMEDA, DALLIS, ALMEDA DALLIS
male, KORBIN, MICKLER, KORBIN MICKLER
female, VICKY, VERHINE, VICKY VERHINE
male, ROCKY, BALLEJO, ROCKY BALLEJO
female, KARLY, RIETMAN, KARLY RIETMAN
male, EZEQUIEL, GOYNES, EZEQUIEL GOYNES
female, LOUANNA, BRICKELL, LOUANNA BRICKELL
male, TORY, DELABRA, TORY DELABRA
female, ARLEY, ZIMBARDI, ARLEY ZIMBARDI
male, MARSHALL, SCHOEMEHL, MARSHALL SCHOEMEHL
female, CLARIBEL, GARAND, CLARIBEL GARAND
male, TRYSTAN, DICK, TRYSTAN DICK
female, BIRTIE, KEYMON, BIRTIE KEYMON
male, EVERT, OYOQUE, EVERT OYOQUE
female, DANIELLA, NANAYAKKARA, DANIELLA NANAYAKKARA
male, ENNIS, KEEZER, ENNIS KEEZER
female, MARGET, KANWISCHER, MARGET KANWISCHER
male, GORDON, FAUDE, GORDON FAUDE
female, KASSIDY, PICKELSIMER, KASSIDY PICKELSIMER
male, CARLETON, HANNES, CARLETON HANNES
female, FRIEDA, NIENDORF, FRIEDA NIENDORF
male, LUIGI, BENIGNO, LUIGI BENIGNO
female, DEMETRA, CUFFARO, DEMETRA CUFFARO
male, HANDY, KOP, HANDY KOP
female, TEELA, INFANTE, TEELA INFANTE
male, LEM, MCVITTIE, LEM MCVITTIE
female, ELLAMAE, OVA, ELLAMAE OVA
male, DEWAYNE, HARAMIS, DEWAYNE HARAMIS
female, VANNIE, DESVIGNES, VANNIE DESVIGNES
male, JUSTICE, CERTO, JUSTICE CERTO
female, DRUSILLA, VANNORT, DRUSILLA VANNORT
male, CAMPBELL, THUNE, CAMPBELL THUNE
female, CHLOIE, LEMMINGS, CHLOIE LEMMINGS
male, TAD, ROTNER, TAD ROTNER
female, ALEXANDREA, KOBOLD, ALEXANDREA KOBOLD
male, TORY, PEARTREE, TORY PEARTREE
female, DELANEY, LASKER, DELANEY LASKER
male, WEBB, KNAUBER, WEBB KNAUBER
female, JERRY, BELARDE, JERRY BELARDE
male, BRANDON, BENDINELLI, BRANDON BENDINELLI
female, LORINDA, PASTOOR, LORINDA PASTOOR
male, MARLAND, BITNER, MARLAND BITNER
female, LAUNA, EBBELER, LAUNA EBBELER
male, LEVIN, REINERT, LEVIN REINERT
female, CORDIA, MONKEN, CORDIA MONKEN
male, HOLLAND, GRAPHENTEEN, HOLLAND GRAPHENTEEN
female, MARGO, LANNIGAN, MARGO LANNIGAN
male, DESSIE, HALLING, DESSIE HALLING
female, MARGARITE, ANGELAKIS, MARGARITE ANGELAKIS
male, GERMAINE, TUTER, GERMAINE TUTER
female, ENRIQUETA, SHALAN, ENRIQUETA SHALAN
male, BEATRICE, ATCITTY, BEATRICE ATCITTY
female, CORAIMA, REGENT, CORAIMA REGENT
male, JARET, GAITERS, JARET GAITERS
female, HENNIE, SAVONA, HENNIE SAVONA
male, ZANDER, MARCHETTA, ZANDER MARCHETTA
female, ZOEY, DANIAL, ZOEY DANIAL
male, TATSUO, BEYALE, TATSUO BEYALE
female, DEBROAH, KOGLIN, DEBROAH KOGLIN
male, AUGUSTA, WEATHERFORD, AUGUSTA WEATHERFORD
female, YESSENIA, SALANI, YESSENIA SALANI
male, DEMOND, RUTIAGA, DEMOND RUTIAGA
female, MINTIE, KUMA, MINTIE KUMA
male, RYAN, GLASPY, RYAN GLASPY
female, POLLIE, MARCHITELLO, POLLIE MARCHITELLO
male, SHAMAR, PALMQUIST, SHAMAR PALMQUIST
female, LILLIANNA, BEANLAND, LILLIANNA BEANLAND
male, ANTOINE, WOJTYNA, ANTOINE WOJTYNA
female, REBECA, HER, REBECA HER
male, ERNIE, MARDY, ERNIE MARDY
female, KARIE, DELEO, KARIE DELEO
male, JENSEN, SCHURK, JENSEN SCHURK
female, KATHRYNE, HELMBOLD, KATHRYNE HELMBOLD
male, MANSON, EMBERY, MANSON EMBERY
female, TRACY, EBERSBERGER, TRACY EBERSBERGER
male, RUBEN, GYORFI, RUBEN GYORFI
female, HOLLIS, SPRINKLE, HOLLIS SPRINKLE
male, DEANDRE, ANAMARIA, DEANDRE ANAMARIA
female, MATIE, SIWIEC, MATIE SIWIEC
male, JESSE, CHEEVERS, JESSE CHEEVERS
female, VENA, EDGERTON, VENA EDGERTON
male, WORLEY, BECHEN, WORLEY BECHEN
female, NANNA, HEYSE, NANNA HEYSE
male, JUDD, ISHII, JUDD ISHII
female, NYA, CONSOLAZIO, NYA CONSOLAZIO
male, SCHUYLER, FONTI, SCHUYLER FONTI
female, CHYNA, FINDLAY, CHYNA FINDLAY
male, YAIR, ITOW, YAIR ITOW
female, ASHLEIGH, CAMPOLLO, ASHLEIGH CAMPOLLO
male, KIYOSHI, GAMARRO, KIYOSHI GAMARRO
female, ARACELY, GUISASOLA, ARACELY GUISASOLA
male, EZELL, FIERY, EZELL FIERY
female, KELLY, ZOLINSKI, KELLY ZOLINSKI
male, RORY, HES, RORY HES
female, JANELL, TABERS, JANELL TABERS
male, DECLAN, VANAMBERG, DECLAN VANAMBERG
female, LATASHA, BRIXEY, LATASHA BRIXEY
male, BRADLY, PAFF, BRADLY PAFF
female, JINNIE, VANNEY, JINNIE VANNEY
male, LIZZIE, MELLOH, LIZZIE MELLOH
female, DARYL, GUSCOTT, DARYL GUSCOTT
male, HERMAN, ORTMEIER, HERMAN ORTMEIER
female, IDA, RABOLD, IDA RABOLD
male, QUINT, LEVEN, QUINT LEVEN
female, VERNON, KOTARBA, VERNON KOTARBA
male, EMERSON, KEELAN, EMERSON KEELAN
female, INELL, PANFILI, INELL PANFILI
male, FITZGERALD, TIRONI, FITZGERALD TIRONI
female, TANIKA, ULASZEK, TANIKA ULASZEK
male, CLEMMIE, KLINGENSMITH, CLEMMIE KLINGENSMITH
female, LASHONDA, WAUGHTEL, LASHONDA WAUGHTEL
male, OLEY, FARIST, OLEY FARIST
female, NANCI, NONDORF, NANCI NONDORF
male, RYLAN, CUNNIUS, RYLAN CUNNIUS
female, KAYLA, WROBEL, KAYLA WROBEL
male, GARRISON, PHEA, GARRISON PHEA
female, THEODORA, GRISWOLD, THEODORA GRISWOLD
male, KEYSHAWN, MINNIEWEATHER, KEYSHAWN MINNIEWEATHER
female, VANNIE, GIAMPAOLO, VANNIE GIAMPAOLO
male, KADYN, BUTZER, KADYN BUTZER
female, LACIE, DONOWAY, LACIE DONOWAY
male, EINO, VANELLA, EINO VANELLA
female, VERSIE, BAGANZ, VERSIE BAGANZ
male, DEVONTAE, TAMIR, DEVONTAE TAMIR
female, ASTRID, CANELA, ASTRID CANELA
male, ZAIN, CANTELLA, ZAIN CANTELLA
female, ELFRIEDA, LOWREY, ELFRIEDA LOWREY
male, TERRENCE, KOSENKO, TERRENCE KOSENKO
female, ARTIE, ROGOTZKE, ARTIE ROGOTZKE
male, CHADRICK, MIGL, CHADRICK MIGL
female, BETHA, MOZELESKI, BETHA MOZELESKI
male, JERRELL, HERFINDAHL, JERRELL HERFINDAHL
female, ISADORA, DULAI, ISADORA DULAI
male, MARCELLO, TROTMAN, MARCELLO TROTMAN
female, LATOYIA, LOMU, LATOYIA LOMU
male, ALECK, CICORA, ALECK CICORA
female, KRISTIN, VANN, KRISTIN VANN
male, FRANCIS, HUTCHENS, FRANCIS HUTCHENS
female, PORTIA, DOLITTLE, PORTIA DOLITTLE
male, JOY, ALU, JOY ALU
female, NATALY, MIMMS, NATALY MIMMS
male, WILBERT, EBAN, WILBERT EBAN
female, IOLA, RESTREPO, IOLA RESTREPO
male, CLEMMIE, WAUN, CLEMMIE WAUN
female, NALLELY, PENNINGS, NALLELY PENNINGS
male, DESEAN, DOERFLINGER, DESEAN DOERFLINGER
female, NILDA, SOIK, NILDA SOIK
male, DEBRA, OELTJEN, DEBRA OELTJEN
female, MARLIE, GENUNG, MARLIE GENUNG
male, ART, CHALA, ART CHALA
female, RYANN, BELLARDINI, RYANN BELLARDINI
male, DUFF, DIETZMANN, DUFF DIETZMANN
female, LUZ, MONETA, LUZ MONETA
male, ELIE, POLIVKA, ELIE POLIVKA
female, SUSIE, FERREN, SUSIE FERREN
male, ANTWON, HEICHEL, ANTWON HEICHEL
female, DELISA, KONDIK, DELISA KONDIK
male, SCOTTIE, KATAUSKAS, SCOTTIE KATAUSKAS
female, ALLYSON, VALENTI, ALLYSON VALENTI
male, COOPER, GOTTO, COOPER GOTTO
female, KIMBERLIE, HEBBERD, KIMBERLIE HEBBERD
male, GRIFFIN, YORO, GRIFFIN YORO
female, ADELLE, PICADO, ADELLE PICADO
male, CONARD, FENCL, CONARD FENCL
female, ALLA, GUARINI, ALLA GUARINI
male, ATHA, SORANO, ATHA SORANO
female, MELVINA, GABET, MELVINA GABET
male, CLIDE, MARGESON, CLIDE MARGESON
female, MISSOURI, GIEFER, MISSOURI GIEFER
male, REASON, ERDEM, REASON ERDEM
female, ELLER, WELLINS, ELLER WELLINS
male, CAESAR, CARNABUCI, CAESAR CARNABUCI
female, GERTRUDE, VOEHRINGER, GERTRUDE VOEHRINGER
male, MILDRED, NEUBAUM, MILDRED NEUBAUM
female, CASEY, LIAPIS, CASEY LIAPIS
male, GLENN, EMMENDORFER, GLENN EMMENDORFER
female, NYLA, WOLDEN, NYLA WOLDEN
male, ARLAN, BELLIN, ARLAN BELLIN
female, ERIS, NEAGLE, ERIS NEAGLE
male, MARIANO, HOTALING, MARIANO HOTALING
female, JILLIAN, SLONINA, JILLIAN SLONINA
male, CEASAR, KERLE, CEASAR KERLE
female, MARLYN, MORGON, MARLYN MORGON
male, ADITYA, DELKE, ADITYA DELKE
female, LANA, SPRAGINS, LANA SPRAGINS
male, LENNIE, OVERLY, LENNIE OVERLY
female, CYNTHIA, GARCIATREJO, CYNTHIA GARCIATREJO
male, REGINAL, RAGSAC, REGINAL RAGSAC
female, KACEY, PAUOLE, KACEY PAUOLE
male, DORA, GUARRIELLO, DORA GUARRIELLO
female, CRYSTA, HAVICAN, CRYSTA HAVICAN
male, TILDEN, CALLIGARO, TILDEN CALLIGARO
female, OLIE, HEINLE, OLIE HEINLE
male, BUDDIE, GROHS, BUDDIE GROHS
female, CHARLENE, BECKY, CHARLENE BECKY
male, LOREN, LETELLIER, LOREN LETELLIER
female, LEITHA, CROSSER, LEITHA CROSSER
male, ALSTON, GUSEMAN, ALSTON GUSEMAN
female, TEELA, DEZA, TEELA DEZA
male, ESTHER, BARBAN, ESTHER BARBAN
female, ANGELE, ILG, ANGELE ILG
male, SCOTTY, PAWLING, SCOTTY PAWLING
female, TALIYAH, MUSTARI, TALIYAH MUSTARI
male, FELTON, KONG, FELTON KONG
female, LATOYA, FEIOCK, LATOYA FEIOCK
male, LEEROY, BRAZEAL, LEEROY BRAZEAL
female, ORRA, PHIPPIN, ORRA PHIPPIN
male, ISREAL, LEUBNER, ISREAL LEUBNER
female, MAREN, FRESCURA, MAREN FRESCURA
male, TANNER, LIBBERT, TANNER LIBBERT
female, MARGARETTE, GRANSBERRY, MARGARETTE GRANSBERRY
male, SHANNON, COGGER, SHANNON COGGER
female, BARBARA, SOBESKI, BARBARA SOBESKI
male, SELDON, TRIELOFF, SELDON TRIELOFF
female, LILLIANA, MASSAY, LILLIANA MASSAY
male, KENJI, WEVER, KENJI WEVER
female, KARI, YEARSLEY, KARI YEARSLEY
male, JEFFREY, SAMALOT, JEFFREY SAMALOT
female, KELSEY, ANTONIEWICZ, KELSEY ANTONIEWICZ
male, AIDAN, LALLOO, AIDAN LALLOO
female, EMERY, BENDLIN, EMERY BENDLIN
male, TAYLOR, UNCIANO, TAYLOR UNCIANO
female, DARLA, MCANANY, DARLA MCANANY
male, IRVEN, FERINGTON, IRVEN FERINGTON
female, ANIKA, CERCEDA, ANIKA CERCEDA
male, DAKOTAH, PETMECKY, DAKOTAH PETMECKY
female, KRYSTINA, KJELLAND, KRYSTINA KJELLAND
male, DWANE, FIDRYCH, DWANE FIDRYCH
female, KARSYN, SIEMONS, KARSYN SIEMONS
male, ADELARD, KRATTIGER, ADELARD KRATTIGER
female, VANNIE, SENERCHIA, VANNIE SENERCHIA
male, TRISTAN, MCQUILLEN, TRISTAN MCQUILLEN
female, EDEN, BOEMER, EDEN BOEMER
male, TORREY, MAYNER, TORREY MAYNER
female, DEBBIE, MANNILA, DEBBIE MANNILA
male, BURLEIGH, KOTOUCH, BURLEIGH KOTOUCH
female, OLIVE, HIRSHMAN, OLIVE HIRSHMAN
male, REILLY, SCUNGIO, REILLY SCUNGIO
female, MARGENE, TIPSORD, MARGENE TIPSORD
male, PRESS, LAEMMLE, PRESS LAEMMLE
female, LEESA, CHEATOM, LEESA CHEATOM
male, RUSS, HIGHTS, RUSS HIGHTS
female, MAYME, KATAUSKAS, MAYME KATAUSKAS
male, LUTHER, HOUZE, LUTHER HOUZE
female, LURLINE, KLUG, LURLINE KLUG
male, ROGELIO, PALADUGU, ROGELIO PALADUGU
female, ALEASE, MANIK, ALEASE MANIK
male, LISA, HEWGLEY, LISA HEWGLEY
female, DENESE, HARTEN, DENESE HARTEN
male, JADYN, BRAMBLEY, JADYN BRAMBLEY
female, IZETTA, PERSICHETTI, IZETTA PERSICHETTI
male, VIRGEL, TAGGART, VIRGEL TAGGART
female, GRACIELA, CABADING, GRACIELA CABADING
male, LEOPOLD, CORTAZAR, LEOPOLD CORTAZAR
female, AMIRA, POPOWITZ, AMIRA POPOWITZ
male, DERYL, KERCADO, DERYL KERCADO
female, JENA, WAFORD, JENA WAFORD
male, LOGAN, TUCSON, LOGAN TUCSON
female, LEANDRA, SCHLEMMER, LEANDRA SCHLEMMER
male, VERLIN, MOOTHART, VERLIN MOOTHART
female, MINA, OBAD, MINA OBAD
male, CLEMMIE, UHLIK, CLEMMIE UHLIK
female, CORINE, CUBAN, CORINE CUBAN
male, LAFE, SYDLOWSKI, LAFE SYDLOWSKI
female, MAKAILA, LEGATH, MAKAILA LEGATH
male, PLUMMER, DERDERIAN, PLUMMER DERDERIAN
female, MADISYN, MEDDINGS, MADISYN MEDDINGS
male, JOAQUIN, KUO, JOAQUIN KUO
female, BERNIECE, WERFEL, BERNIECE WERFEL
male, SANDRA, VOLLENTINE, SANDRA VOLLENTINE
female, JOELLA, PFANDER, JOELLA PFANDER
male, LENWOOD, CASTORINA, LENWOOD CASTORINA
female, DENISHA, SALANGA, DENISHA SALANGA
male, ROBERT, KAPING, ROBERT KAPING
female, AMIRAH, TERWILLEGER, AMIRAH TERWILLEGER
male, BENSON, BOYENS, BENSON BOYENS
female, BRITTANY, SAUNSOCI, BRITTANY SAUNSOCI
male, ODIE, WAMER, ODIE WAMER
female, BRITNY, FELMET, BRITNY FELMET
male, THADDEUS, VANSLOOTEN, THADDEUS VANSLOOTEN
female, HENRY, HANONO, HENRY HANONO
male, ELLWOOD, WRAITH, ELLWOOD WRAITH
female, PAYTON, MCCLURKIN, PAYTON MCCLURKIN
male, EDWARD, STEFANEC, EDWARD STEFANEC
female, CHESTER, CIMINELLO, CHESTER CIMINELLO
male, LORIN, MINGOIA, LORIN MINGOIA
female, CARLENE, PAPADAKOS, CARLENE PAPADAKOS
male, EUSTACE, PELISH, EUSTACE PELISH
female, ADELAIDE, DEJESUSGARCIA, ADELAIDE DEJESUSGARCIA
male, CLAUDIUS, UTZ, CLAUDIUS UTZ
female, EDITH, WANKET, EDITH WANKET
male, JAYDAN, PETKOVSEK, JAYDAN PETKOVSEK
female, HALEY, CONTRERASLOPEZ, HALEY CONTRERASLOPEZ
male, GERALD, STARKER, GERALD STARKER
female, ZOEY, MOENCK, ZOEY MOENCK
male, JAMARI, KRIPPEL, JAMARI KRIPPEL
female, ELENORA, LIMP, ELENORA LIMP
male, SHANE, RYCHLIK, SHANE RYCHLIK
female, AYLA, KALARIA, AYLA KALARIA
male, SAVON, SPEIRS, SAVON SPEIRS
female, ERLENE, HARTRIDGE, ERLENE HARTRIDGE
male, DAVIAN, BETTENHAUSEN, DAVIAN BETTENHAUSEN
female, VERDELL, BORGAN, VERDELL BORGAN
male, DERREK, SPRAGG, DERREK SPRAGG
female, ZOE, SAVIOLA, ZOE SAVIOLA
male, FREDRICK, RAMNATH, FREDRICK RAMNATH
female, KACI, SPURGER, KACI SPURGER
male, CORA, LUESCHER, CORA LUESCHER
female, ESPERANZA, RANES, ESPERANZA RANES
male, TITUS, LAPUENTE, TITUS LAPUENTE
female, JAIDEN, PALACIO, JAIDEN PALACIO
male, LONE, AKRE, LONE AKRE
female, RESSIE, JOINT, RESSIE JOINT
male, REGAN, SANKOWSKI, REGAN SANKOWSKI
female, RENADA, LEIFHEIT, RENADA LEIFHEIT
male, AMIT, PERRONI, AMIT PERRONI
female, GILLIE, DELLICARPINI, GILLIE DELLICARPINI
male, TAYLOR, NISH, TAYLOR NISH
female, SOLEDAD, SOSTAK, SOLEDAD SOSTAK
male, LINN, STROBBE, LINN STROBBE
female, LINDA, PUZIO, LINDA PUZIO
male, STEVEN, SANTAROSA, STEVEN SANTAROSA
female, TRISHA, BAELE, TRISHA BAELE
male, DEWITT, GUARDIANI, DEWITT GUARDIANI
female, VIVIANA, RAIGOSA, VIVIANA RAIGOSA
male, NIKO, LEB, NIKO LEB
female, CECILY, HALSTED, CECILY HALSTED
male, XANDER, SOMWARU, XANDER SOMWARU
female, SOPHRONIA, PRISCO, SOPHRONIA PRISCO
male, CHAS, BLASKIEWICZ, CHAS BLASKIEWICZ
female, DARIANA, DOWDALL, DARIANA DOWDALL
male, JULIEN, KRINN, JULIEN KRINN
female, DEVAN, MIHAYLOV, DEVAN MIHAYLOV
male, RACHEL, RHETT, RACHEL RHETT
female, JEANNETTE, BEHENNA, JEANNETTE BEHENNA
male, DWAIN, RAMLOW, DWAIN RAMLOW
female, KATHEY, EODICE, KATHEY EODICE
male, RACHEL, PENARAN, RACHEL PENARAN
female, DOROTHA, SAUBLE, DOROTHA SAUBLE
male, CAESAR, FLORESHERRERA, CAESAR FLORESHERRERA
female, CAMILLA, BISHKO, CAMILLA BISHKO
male, TY, KOHMAN, TY KOHMAN
female, NATALIA, PRUSS, NATALIA PRUSS
male, HARRY, SEINER, HARRY SEINER
female, CINNAMON, BOWENS, CINNAMON BOWENS
male, FISHER, FASTIGGI, FISHER FASTIGGI
female, DREMA, MORANI, DREMA MORANI
male, CODEY, WILLAFORD, CODEY WILLAFORD
female, AVIS, HANDLEY, AVIS HANDLEY
male, JAHEEM, SEABAUGH, JAHEEM SEABAUGH
female, VAL, SLUTTER, VAL SLUTTER
male, LINDY, BORNMANN, LINDY BORNMANN
female, ROBBIE, OHANESIAN, ROBBIE OHANESIAN
male, MARKUS, UNLU, MARKUS UNLU
female, JUSTINA, BECKLES, JUSTINA BECKLES
male, TERRENCE, RONNEBAUM, TERRENCE RONNEBAUM
female, ROXANA, LICKEY, ROXANA LICKEY
male, GROVE, FROUDE, GROVE FROUDE
female, ERIC, PAGUAGA, ERIC PAGUAGA
male, DANIEL, HUYNH, DANIEL HUYNH
female, IYANNA, TORREJON, IYANNA TORREJON
male, ALVIA, VANDEWEERD, ALVIA VANDEWEERD
female, LEA, BANGART, LEA BANGART
male, BARNIE, GILHOOL, BARNIE GILHOOL
female, DREW, LIBERMAN, DREW LIBERMAN
male, KELSEY, QUIVER, KELSEY QUIVER
female, LEONTINE, SANER, LEONTINE SANER
male, VERLE, FLAGLE, VERLE FLAGLE
female, DORTHA, PROVAN, DORTHA PROVAN
male, BECKETT, GROSSKLAUS, BECKETT GROSSKLAUS
female, CALLIE, BIAGIOLI, CALLIE BIAGIOLI
male, GERMAN, SCRONCE, GERMAN SCRONCE
female, ADDIE, STAES, ADDIE STAES
male, EDSEL, HOSGOOD, EDSEL HOSGOOD
female, HALLIE, JASWAL, HALLIE JASWAL
male, DONNY, HAYSLETT, DONNY HAYSLETT
female, ETHER, SEATH, ETHER SEATH
male, MARQUEZ, LINEGAR, MARQUEZ LINEGAR
female, BELVA, IGUCHI, BELVA IGUCHI
male, MILDRED, SPINOSI, MILDRED SPINOSI
female, CAROLE, SCHIMKE, CAROLE SCHIMKE
male, MOSE, APTED, MOSE APTED
female, SHERLYN, STUHMER, SHERLYN STUHMER
male, DAVIN, CORBET, DAVIN CORBET
female, JAEDA, LIBBERT, JAEDA LIBBERT
male, DOMONIQUE, KLIMAN, DOMONIQUE KLIMAN
female, BABETTE, AMITRANO, BABETTE AMITRANO
male, BROOKS, SEACHRIS, BROOKS SEACHRIS
female, LAUREEN, BURLETTE, LAUREEN BURLETTE
male, NICKOLAS, WANGELIN, NICKOLAS WANGELIN
female, CLARINDA, NEANOVER, CLARINDA NEANOVER
male, GAYLORD, GOLF, GAYLORD GOLF
female, KALLIE, COLBOURN, KALLIE COLBOURN
male, DEVEN, MINISTER, DEVEN MINISTER
female, MALISSA, DWECK, MALISSA DWECK
male, JUDGE, RUBALCAVA, JUDGE RUBALCAVA
female, ANNALISE, FEENER, ANNALISE FEENER
male, ERICH, HAUGER, ERICH HAUGER
female, ARLEY, LEROY, ARLEY LEROY
male, HORTON, DAMANIA, HORTON DAMANIA
female, JENIFER, LACERTE, JENIFER LACERTE
male, ROD, ABBUHL, ROD ABBUHL
female, BRYANNA, DEMIS, BRYANNA DEMIS
male, MYRL, DUGGER, MYRL DUGGER
female, CAITLIN, MCKERNAN, CAITLIN MCKERNAN
male, PROSPER, SCOCOZZA, PROSPER SCOCOZZA
female, ALOMA, DADDI, ALOMA DADDI
male, OZELL, CAPEN, OZELL CAPEN
female, MELISA, KLARNER, MELISA KLARNER
male, SHANNON, JAQUAY, SHANNON JAQUAY
female, MIGNON, WINNARD, MIGNON WINNARD
male, KELLEY, LENO, KELLEY LENO
female, ELEANOR, FLIESS, ELEANOR FLIESS
male, HENDERSON, BARAT, HENDERSON BARAT
female, MAKALA, KEMERER, MAKALA KEMERER
male, EVAN, REGNA, EVAN REGNA
female, GENEVA, MAGEO, GENEVA MAGEO
male, EGBERT, CERULLI, EGBERT CERULLI
female, GLENNIS, ESTES, GLENNIS ESTES
male, JEDEDIAH, TROIKE, JEDEDIAH TROIKE
female, ZARIA, MAHNKE, ZARIA MAHNKE
male, CAREY, ALTERGOTT, CAREY ALTERGOTT
female, MARGE, GALEANA, MARGE GALEANA
male, HARVY, OVERBYE, HARVY OVERBYE
female, PAMELLA, VLACH, PAMELLA VLACH
male, BRANDON, SPILMAN, BRANDON SPILMAN
female, SHARDAY, LOZAR, SHARDAY LOZAR
male, DAVID, TOMASIEWICZ, DAVID TOMASIEWICZ
female, TAWANA, FREEBAIRN, TAWANA FREEBAIRN
male, CARNELL, RIPPBERGER, CARNELL RIPPBERGER
female, SIMONA, CHONG, SIMONA CHONG
male, NEWTON, VECA, NEWTON VECA
female, TAMIKO, BAZYDLO, TAMIKO BAZYDLO
male, FRED, DANKOWSKI, FRED DANKOWSKI
female, ANNAMAE, DEMOUY, ANNAMAE DEMOUY
male, ESTER, LINKHART, ESTER LINKHART
female, JOI, FRAZEY, JOI FRAZEY
male, KEM, LAFOUNTAIN, KEM LAFOUNTAIN
female, BEYONCE, PIC, BEYONCE PIC
male, DEVIN, FREIHAUT, DEVIN FREIHAUT
female, JIMMIE, ISLAM, JIMMIE ISLAM
male, KANYE, RADEK, KANYE RADEK
female, YAMILET, BAHRI, YAMILET BAHRI
male, ELLWOOD, DONAWA, ELLWOOD DONAWA
female, BUNA, YANKER, BUNA YANKER
male, FOY, NEEDELMAN, FOY NEEDELMAN
female, CATHIE, GRENDA, CATHIE GRENDA
male, SUMNER, ZORETICH, SUMNER ZORETICH
female, RUTHANNE, BLEND, RUTHANNE BLEND
male, BRANDAN, TIPPIT, BRANDAN TIPPIT
female, ALLIE, SPACHT, ALLIE SPACHT
male, RASHAD, FRONGILLO, RASHAD FRONGILLO
female, CLEVIE, POTTERTON, CLEVIE POTTERTON
male, BUDD, FARFAN, BUDD FARFAN
female, STACY, AID, STACY AID
male, CLAY, DERNBACH, CLAY DERNBACH
female, BETHANY, AMIRAULT, BETHANY AMIRAULT
male, RHYS, STANCH, RHYS STANCH
female, GEORGETTA, OPELT, GEORGETTA OPELT
male, CLAUDIO, MENON, CLAUDIO MENON
female, JACLYN, PANKUCH, JACLYN PANKUCH
male, SAVON, BONNING, SAVON BONNING
female, AUBREY, MILLESON, AUBREY MILLESON
male, JILES, RAVELLO, JILES RAVELLO
female, AUGUSTINA, DEVANNY, AUGUSTINA DEVANNY
male, KESHAUN, BANYARD, KESHAUN BANYARD
female, JANELL, GRADEN, JANELL GRADEN
male, DYLLAN, PULSE, DYLLAN PULSE
female, ILMA, VIANNA, ILMA VIANNA
male, LEA, MIKSA, LEA MIKSA
female, ANYA, SHEREDY, ANYA SHEREDY
male, KNUTE, SULIMAN, KNUTE SULIMAN
female, CASSONDRA, COLAHAN, CASSONDRA COLAHAN
male, DARRY, WESKE, DARRY WESKE
female, SUSIE, BACKHAUS, SUSIE BACKHAUS
male, NOEL, ELSAYED, NOEL ELSAYED
female, DAISY, NYBLOM, DAISY NYBLOM
male, EBBIE, GLEN, EBBIE GLEN
female, BRYLEE, SULCER, BRYLEE SULCER
male, LIZZIE, BANISTER, LIZZIE BANISTER
female, JESICA, HUBELE, JESICA HUBELE
male, ALVY, DISHLER, ALVY DISHLER
female, BEULA, AXON, BEULA AXON
male, LADARIUS, PHEIFER, LADARIUS PHEIFER
female, STAR, JUNDT, STAR JUNDT
male, DABNEY, PASSINAULT, DABNEY PASSINAULT
female, LOLLA, SEMAAN, LOLLA SEMAAN
male, HAYDEN, CAGWIN, HAYDEN CAGWIN
female, BRETT, DEMANGE, BRETT DEMANGE
male, WYATT, MEAD, WYATT MEAD
female, CATHERINE, MOMOH, CATHERINE MOMOH
male, HART, KINNICK, HART KINNICK
female, EDMONIA, MICARI, EDMONIA MICARI
male, LEVAR, GASPAROVICH, LEVAR GASPAROVICH
female, JAMEY, CHOWDHURY, JAMEY CHOWDHURY
male, WINSTON, NAPIERALA, WINSTON NAPIERALA
female, LESSIE, SANDAHL, LESSIE SANDAHL
male, EBERT, SANTAGATA, EBERT SANTAGATA
female, ANITRA, SANDRU, ANITRA SANDRU
male, VOLLIE, OSTRO, VOLLIE OSTRO
female, MICHELINA, GUYETT, MICHELINA GUYETT
male, MARIANO, SHAWLEY, MARIANO SHAWLEY
female, ARDYCE, BRUECKER, ARDYCE BRUECKER
male, ALMON, SPIROPOULOS, ALMON SPIROPOULOS
female, DELLAR, GNIADEK, DELLAR GNIADEK
male, JEPTHA, QUINTY, JEPTHA QUINTY
female, TRACEE, KALUA, TRACEE KALUA
male, BARTLEY, POGGENPOHL, BARTLEY POGGENPOHL
female, HEIDY, BREIDENTHAL, HEIDY BREIDENTHAL
male, TROY, MONIE, TROY MONIE
female, DANYELLE, HOFFINE, DANYELLE HOFFINE
male, MOISES, KORNMANN, MOISES KORNMANN
female, NAOMI, BIESECKER, NAOMI BIESECKER
male, WORTH, BASSITT, WORTH BASSITT
female, KIZZY, SCHOELEN, KIZZY SCHOELEN
male, WALLY, ISHAK, WALLY ISHAK
female, MARLENA, CRUMBACK, MARLENA CRUMBACK
male, MICHELE, SYLVER, MICHELE SYLVER
female, FRANCESCA, REISSMAN, FRANCESCA REISSMAN
male, SKYLAR, ALTMANN, SKYLAR ALTMANN
female, MELVINA, JIRKA, MELVINA JIRKA
male, VON, RAMIRE, VON RAMIRE
female, ROSANNE, KOLLINGER, ROSANNE KOLLINGER
male, ANTONIO, CAJINA, ANTONIO CAJINA
female, LEXUS, SRIDHAR, LEXUS SRIDHAR
male, DAN, JAMALEDDIN, DAN JAMALEDDIN
female, LEE, GAFNEY, LEE GAFNEY
male, ELIZABETH, SELVIE, ELIZABETH SELVIE
female, DARLINE, MALLAN, DARLINE MALLAN
male, FREDIE, NICHOL, FREDIE NICHOL
female, LATESHA, BODRICK, LATESHA BODRICK
male, COREY, DOURADO, COREY DOURADO
female, NALLELY, KENDLE, NALLELY KENDLE
male, BLANCHARD, ZUPA, BLANCHARD ZUPA
female, FANNYE, BUESCHEL, FANNYE BUESCHEL
male, MACARTHUR, TURCHIANO, MACARTHUR TURCHIANO
female, AMINA, ZABACK, AMINA ZABACK
male, GERARD, GIARAMITA, GERARD GIARAMITA
female, AMYA, PRENDIVILLE, AMYA PRENDIVILLE
male, QUENTIN, PIRA, QUENTIN PIRA
female, TONIA, KILPACK, TONIA KILPACK
male, ROMA, PSIMER, ROMA PSIMER
female, THURSA, WEDMORE, THURSA WEDMORE
male, ZECHARIAH, ARNASON, ZECHARIAH ARNASON
female, MALLIE, SINEGAL, MALLIE SINEGAL
male, REGINAL, MEETZE, REGINAL MEETZE
female, SUNNY, SEMENIUK, SUNNY SEMENIUK
male, CROCKETT, ISHIMARU, CROCKETT ISHIMARU
female, KARI, LANSINK, KARI LANSINK
male, WARREN, NIERENHAUSEN, WARREN NIERENHAUSEN
female, VERNICE, GUHDE, VERNICE GUHDE
male, VERLON, BAUZA, VERLON BAUZA
female, JUANA, STACK, JUANA STACK
male, JULIEN, HOPPE, JULIEN HOPPE
female, GERMAINE, ZAHARKO, GERMAINE ZAHARKO
male, CLAYTON, STEAGALL, CLAYTON STEAGALL
female, ALEENA, DENVIR, ALEENA DENVIR
male, BRENDAN, REES, BRENDAN REES
female, VIRGINIA, LIU, VIRGINIA LIU
male, JACKSON, WYNSTRA, JACKSON WYNSTRA
female, CAPPIE, HILGENBERG, CAPPIE HILGENBERG
male, AIDYN, IANNETTI, AIDYN IANNETTI
female, NINNIE, HATTENDORF, NINNIE HATTENDORF
male, KEVON, PISTELLA, KEVON PISTELLA
female, SYDNIE, TAU, SYDNIE TAU
male, ISAM, OKE, ISAM OKE
female, LESTA, PANICKER, LESTA PANICKER
male, ODA, MACIOLEK, ODA MACIOLEK
female, CANDICE, BARLAGE, CANDICE BARLAGE
male, SINCERE, GOOL, SINCERE GOOL
female, ESSA, DECLAY, ESSA DECLAY
male, KAMRYN, IGARTA, KAMRYN IGARTA
female, CECELIA, DAX, CECELIA DAX
male, GENNARO, PENSKI, GENNARO PENSKI
female, SERENITY, GATESMAN, SERENITY GATESMAN
male, VINCENZO, BERTOTTI, VINCENZO BERTOTTI
female, FLORENE, LENIK, FLORENE LENIK
male, TORRY, VOLPICELLI, TORRY VOLPICELLI
female, MAUD, HOT, MAUD HOT
male, AUGUSTIN, GRINER, AUGUSTIN GRINER
female, IONE, KRECK, IONE KRECK
male, DERRICK, SWAFFER, DERRICK SWAFFER
female, NANCY, GIBBS, NANCY GIBBS
male, GILES, BALLI, GILES BALLI
female, NIKKI, BIERCE, NIKKI BIERCE
male, KEYON, FORESTIER, KEYON FORESTIER
female, KIMBER, NANK, KIMBER NANK
male, RODDY, MCFIELD, RODDY MCFIELD
female, PENNIE, TARE, PENNIE TARE
male, SKYLAR, DAMBROSE, SKYLAR DAMBROSE
female, ROXANNE, BERKOFF, ROXANNE BERKOFF
male, DAVON, PELUSO, DAVON PELUSO
female, CARINA, GOU, CARINA GOU
male, RYLAND, THOME, RYLAND THOME
female, GEORGETTA, SHEDDAN, GEORGETTA SHEDDAN
male, WINFIELD, TONRY, WINFIELD TONRY
female, CHRISTAL, KOMMAREDDY, CHRISTAL KOMMAREDDY
male, TOSHIO, GIOMI, TOSHIO GIOMI
female, SKYLER, HAWKSWORTH, SKYLER HAWKSWORTH
male, PALMER, RADDER, PALMER RADDER
female, JERRILYN, WITALIS, JERRILYN WITALIS
male, KONNER, NOAKES, KONNER NOAKES
female, ASHA, POLACEK, ASHA POLACEK
male, DORA, TODE, DORA TODE
female, NAYELY, PLOTZKE, NAYELY PLOTZKE
male, TAJ, REIFER, TAJ REIFER
female, LU, SHATTLES, LU SHATTLES
male, LEM, BURT, LEM BURT
female, LULIE, AMATON, LULIE AMATON
male, AUGUSTIN, CLOUGHERTY, AUGUSTIN CLOUGHERTY
female, BUELAH, MCVEIGH, BUELAH MCVEIGH
male, NICHOLAUS, LORTZ, NICHOLAUS LORTZ
female, CORALIE, RYGALSKI, CORALIE RYGALSKI
male, UNKNOWN, CHOQUET, UNKNOWN CHOQUET
female, LILIE, DISHONGH, LILIE DISHONGH
male, RICH, PRUITTE, RICH PRUITTE
female, PAITYN, MANROSS, PAITYN MANROSS
male, KURTIS, DOORN, KURTIS DOORN
female, EMERY, RZEPA, EMERY RZEPA
male, PERNELL, CAMPEAU, PERNELL CAMPEAU
female, SIBYL, POTTORF, SIBYL POTTORF
male, VICTOR, KORBAS, VICTOR KORBAS
female, CITLALI, MITOLA, CITLALI MITOLA
male, DORMAN, DURRUM, DORMAN DURRUM
female, ALISA, OCHIENG, ALISA OCHIENG
male, CHARLIE, LUTCHER, CHARLIE LUTCHER
female, ODIE, KOUGHER, ODIE KOUGHER
male, HOBART, BRAGE, HOBART BRAGE
female, EMALINE, OSE, EMALINE OSE
male, EARL, NGOM, EARL NGOM
female, ELZIE, ZACCAGNINO, ELZIE ZACCAGNINO
male, SHAWN, BIJEAUX, SHAWN BIJEAUX
female, KAYDEN, RUMER, KAYDEN RUMER
male, CAESAR, BURANEN, CAESAR BURANEN
female, CHARLIZE, CULLIP, CHARLIZE CULLIP
male, JOVANY, RUBASH, JOVANY RUBASH
female, SUZANNE, ESTRADAPEREZ, SUZANNE ESTRADAPEREZ
male, JEP, KARIM, JEP KARIM
female, ABIGAYLE, YOKOMIZO, ABIGAYLE YOKOMIZO
male, HJALMER, GARZARO, HJALMER GARZARO
female, SHALON, PALACE, SHALON PALACE
male, CHANCY, MOKU, CHANCY MOKU
female, GUSTA, NAPIERALSKI, GUSTA NAPIERALSKI
male, CYRIL, RIDHA, CYRIL RIDHA
female, ELVA, POPOOLA, ELVA POPOOLA
male, ELZIE, PETRISKO, ELZIE PETRISKO
female, EDEN, WETSCH, EDEN WETSCH
male, HARLAND, RANCATORE, HARLAND RANCATORE
female, JAYME, TRETTEL, JAYME TRETTEL
male, TORRENCE, BHAYANI, TORRENCE BHAYANI
female, EVE, KINCADE, EVE KINCADE
male, EDMUND, FARNELL, EDMUND FARNELL
female, RHIANNA, KOSTA, RHIANNA KOSTA
male, SUMNER, LEITL, SUMNER LEITL
female, ELOUISE, PECUNIA, ELOUISE PECUNIA
male, WELLINGTON, VANDERPOEL, WELLINGTON VANDERPOEL
female, BEAULAH, STROMMEN, BEAULAH STROMMEN
male, LYDELL, DATE, LYDELL DATE
female, LORIA, HERTZKE, LORIA HERTZKE
male, ZACHARIAH, FRYMIER, ZACHARIAH FRYMIER
female, KIMBERLIE, ARRIGHI, KIMBERLIE ARRIGHI
male, GARNER, ARRON, GARNER ARRON
female, ALEXIA, HENDRIX, ALEXIA HENDRIX
male, STORM, URWILLER, STORM URWILLER
female, KRISSY, VEERAPPAN, KRISSY VEERAPPAN
male, ELIJAH, ERICSSON, ELIJAH ERICSSON
female, DOLLIE, EDLER, DOLLIE EDLER
male, OTIS, MARTER, OTIS MARTER
female, CHRISTIAN, AMSHOFF, CHRISTIAN AMSHOFF
male, RAYNARD, PICHE, RAYNARD PICHE
female, STACEY, FORMOSO, STACEY FORMOSO
male, DEVAN, SCHWEPPE, DEVAN SCHWEPPE
female, CHERYLL, MITTENDORF, CHERYLL MITTENDORF
male, BRENT, BARTMESS, BRENT BARTMESS
female, NARCISSUS, MARCHUT, NARCISSUS MARCHUT
male, LUTHER, ELLEFSON, LUTHER ELLEFSON
female, ERIS, NEGREROS, ERIS NEGREROS
male, GANNON, RABER, GANNON RABER
female, ARLEY, DEAMICIS, ARLEY DEAMICIS
male, MOISES, SAECHIN, MOISES SAECHIN
female, ELISABETH, DODDA, ELISABETH DODDA
male, JARETT, MCCONAUGHEY, JARETT MCCONAUGHEY
female, KIMBERELY, AHNEE, KIMBERELY AHNEE
male, TRUMAINE, KINS, TRUMAINE KINS
female, FLORENE, WILTGEN, FLORENE WILTGEN
male, HERSHEL, GIESKEN, HERSHEL GIESKEN
female, ALLYSSA, DELLAGATTA, ALLYSSA DELLAGATTA
male, HORATIO, ROSONE, HORATIO ROSONE
female, LILIANA, HAMLER, LILIANA HAMLER
male, BURNS, LHUILLIER, BURNS LHUILLIER
female, KAITLYN, RUTKA, KAITLYN RUTKA
male, JUDITH, SERRAINO, JUDITH SERRAINO
female, ARIZONA, BELLMORE, ARIZONA BELLMORE
male, KELVIN, RORIE, KELVIN RORIE
female, KAREN, SICAN, KAREN SICAN
male, ELWYN, FENICK, ELWYN FENICK
female, MAKALA, TEACHWORTH, MAKALA TEACHWORTH
male, LISLE, DISTELRATH, LISLE DISTELRATH
female, CLAUDE, SINGMASTER, CLAUDE SINGMASTER
male, MALVIN, TUSI, MALVIN TUSI
female, ANJANETTE, BENIGHT, ANJANETTE BENIGHT
male, SHOJI, PLOOR, SHOJI PLOOR
female, CELIE, TATRO, CELIE TATRO
male, KYREE, TUANG, KYREE TUANG
female, BREE, BEDIENT, BREE BEDIENT
male, EDEN, CRISWELL, EDEN CRISWELL
female, VETA, DEASEY, VETA DEASEY
male, DOMINQUE, BASNER, DOMINQUE BASNER
female, KESHA, MAZZOCCO, KESHA MAZZOCCO
male, JERALD, MOGEL, JERALD MOGEL
female, PEGGY, ISGETT, PEGGY ISGETT
male, EBEN, LAMANSKY, EBEN LAMANSKY
female, STARR, ZECUA, STARR ZECUA
male, BERTIE, DEIGHAN, BERTIE DEIGHAN
female, SELINA, OLSZOWKA, SELINA OLSZOWKA
male, HENDERSON, BUCKINS, HENDERSON BUCKINS
female, EDDIE, VANDERPOEL, EDDIE VANDERPOEL
male, BRAEDON, BROYARD, BRAEDON BROYARD
female, PEARLY, ORVIS, PEARLY ORVIS
male, KALEN, HINDEL, KALEN HINDEL
female, GRAYCE, BRZYSKI, GRAYCE BRZYSKI
male, MITCHEL, MANTHE, MITCHEL MANTHE
female, ETNA, DEMUYNCK, ETNA DEMUYNCK
male, ARNIE, CAPALBO, ARNIE CAPALBO
female, CORIE, GOSLIN, CORIE GOSLIN
male, RAPHAEL, AKI, RAPHAEL AKI
female, MELODEE, THURIN, MELODEE THURIN
male, AMIL, JAGEMAN, AMIL JAGEMAN
female, ORPHA, CHENNAULT, ORPHA CHENNAULT
male, CHAD, WAKELAND, CHAD WAKELAND
female, EMILIE, BIRNIE, EMILIE BIRNIE
male, THEOPHILE, STROUTH, THEOPHILE STROUTH
female, DAISYE, ZWANZIG, DAISYE ZWANZIG
male, DEVAUGHN, MACADANGDANG, DEVAUGHN MACADANGDANG
female, EOLA, EADDY, EOLA EADDY
male, DEREK, SKUCE, DEREK SKUCE
female, AUBREE, HOTLE, AUBREE HOTLE
male, LILLIAN, QUANEY, LILLIAN QUANEY
female, VIKKI, ALSHAIF, VIKKI ALSHAIF
male, EASTON, TREVISO, EASTON TREVISO
female, CELESTE, NEUTZLING, CELESTE NEUTZLING
male, ALEXANDE, MIRAGLIOTTA, ALEXANDE MIRAGLIOTTA
female, TAMMI, ALMONTE, TAMMI ALMONTE
male, ARLIN, MORRELL, ARLIN MORRELL
female, DEZZIE, MAYNE, DEZZIE MAYNE
male, TAUREAN, MANGROO, TAUREAN MANGROO
female, ALVERA, CHIAN, ALVERA CHIAN
male, TERRILL, REDINGTON, TERRILL REDINGTON
female, SADE, ASHMEN, SADE ASHMEN
male, RHETT, CASTRILLON, RHETT CASTRILLON
female, VARA, MARGIOTTA, VARA MARGIOTTA
male, DOLORES, RABIZADEH, DOLORES RABIZADEH
female, NELLY, CHAUSSE, NELLY CHAUSSE
male, ALAN, TAROLI, ALAN TAROLI
female, TEAGAN, MILETELLO, TEAGAN MILETELLO
male, COOPER, HALDIMAN, COOPER HALDIMAN
female, ILENE, BRADACH, ILENE BRADACH
male, PIERRE, GALIT, PIERRE GALIT
female, HENRIETTA, TECHERA, HENRIETTA TECHERA
male, ALMER, KLARMANN, ALMER KLARMANN
female, JIMENA, BAACK, JIMENA BAACK
male, FISHER, DIEPPA, FISHER DIEPPA
female, MARGENE, SUNDT, MARGENE SUNDT
male, GAETANO, PORTTEUS, GAETANO PORTTEUS
female, NICKI, KUBER, NICKI KUBER
male, WILFRED, CUNDY, WILFRED CUNDY
female, VALERIE, BUFFO, VALERIE BUFFO
male, HOUSTON, CEKADA, HOUSTON CEKADA
female, DOVIE, MOLSKI, DOVIE MOLSKI
male, ENOS, CISNEROS, ENOS CISNEROS
female, PORTIA, MINGLEDORFF, PORTIA MINGLEDORFF
male, JOE, POSTEK, JOE POSTEK
female, CONSUELO, KESSEL, CONSUELO KESSEL
male, ZAYDEN, DELCRUZ, ZAYDEN DELCRUZ
female, RHEA, TANGEN, RHEA TANGEN
male, LLEWELLYN, BAILY, LLEWELLYN BAILY
female, NICHOL, DUTSCHKE, NICHOL DUTSCHKE
male, JANET, SHERRITT, JANET SHERRITT
female, MADGE, SITARAS, MADGE SITARAS
male, ANTWON, COGMAN, ANTWON COGMAN
female, EITHEL, LAYSER, EITHEL LAYSER
male, KASON, SCHEUREN, KASON SCHEUREN
female, BEAULAH, TINDALE, BEAULAH TINDALE
male, LEMON, AYALAGONZALEZ, LEMON AYALAGONZALEZ
female, VIRGINIA, CONIGLIARO, VIRGINIA CONIGLIARO
male, AMARION, CHATTERTON, AMARION CHATTERTON
female, GABRIEL, BANNER, GABRIEL BANNER
male, ARI, PLAYFORD, ARI PLAYFORD
female, MARGRETTA, GENSAMER, MARGRETTA GENSAMER
male, SIDNEY, VIAU, SIDNEY VIAU
female, JEFFREY, NAPE, JEFFREY NAPE
male, CASSIE, RUBSAM, CASSIE RUBSAM
female, MIKAILA, VANLUCHENE, MIKAILA VANLUCHENE
male, MARCOS, THOMASBROWN, MARCOS THOMASBROWN
female, MADIE, CARMENATTY, MADIE CARMENATTY
male, WILFREDO, VRBKA, WILFREDO VRBKA
female, FAYE, MACNICHOL, FAYE MACNICHOL
male, CARMELO, SCHWAN, CARMELO SCHWAN
female, NATALIA, CARMIEN, NATALIA CARMIEN
male, ISMAEL, SHEFFIELD, ISMAEL SHEFFIELD
female, CLETA, HUTNER, CLETA HUTNER
male, KEYSHAWN, GOODHAND, KEYSHAWN GOODHAND
female, LATOSHA, FINEBERG, LATOSHA FINEBERG
male, REX, BADOUR, REX BADOUR
female, ZELLA, LEALE, ZELLA LEALE
male, ISIDRO, CRYMES, ISIDRO CRYMES
female, CELIA, DISSINGER, CELIA DISSINGER
male, DURRELL, TOMCO, DURRELL TOMCO
female, ZONA, NICHO, ZONA NICHO
male, RAYBURN, BELSHAW, RAYBURN BELSHAW
female, ALLYSSA, MOTTINGER, ALLYSSA MOTTINGER
male, ALWIN, KAK, ALWIN KAK
female, BROOKLYN, MANZKE, BROOKLYN MANZKE
male, DESHAUN, TA, DESHAUN TA
female, ZAIDA, BIDDISCOMBE, ZAIDA BIDDISCOMBE
male, DEFOREST, RAME, DEFOREST RAME
female, GREGORIA, KIDANE, GREGORIA KIDANE
male, RANDY, LUDGATE, RANDY LUDGATE
female, LATRICIA, BRAZINGTON, LATRICIA BRAZINGTON
male, BRENDA, BURA, BRENDA BURA
female, ANDREA, TILLIE, ANDREA TILLIE
male, DIALLO, FENNEWALD, DIALLO FENNEWALD
female, ASHLYN, LUKOWIAK, ASHLYN LUKOWIAK
male, ALFIE, MIGNACCA, ALFIE MIGNACCA
female, ARETHA, NIBLER, ARETHA NIBLER
male, HALL, AURICH, HALL AURICH
female, ROSALINE, PLEINIS, ROSALINE PLEINIS
male, LUCIUS, GRAVERAN, LUCIUS GRAVERAN
female, CHIMERE, NITO, CHIMERE NITO
male, AMMON, RUTKOWSKY, AMMON RUTKOWSKY
female, ERLINE, WOERTH, ERLINE WOERTH
male, HERBERT, MCHAM, HERBERT MCHAM
female, CINDI, PARADA, CINDI PARADA
male, KOREY, MCKAUGHAN, KOREY MCKAUGHAN
female, LATASHA, KALLAUS, LATASHA KALLAUS
male, CLELL, POTHOFF, CLELL POTHOFF
female, LOUISIANA, TARAS, LOUISIANA TARAS
male, RYAN, HURRELL, RYAN HURRELL
female, LUDIE, BAZNER, LUDIE BAZNER
male, DALE, WISHERT, DALE WISHERT
female, DIAN, JESPERSEN, DIAN JESPERSEN
male, PRINCE, OBAKER, PRINCE OBAKER
female, FAWN, ECHENIQUE, FAWN ECHENIQUE
male, TALAN, MIRONYUK, TALAN MIRONYUK
female, LAVONIA, SCAMMELL, LAVONIA SCAMMELL
male, GRAYSON, BUGAJSKI, GRAYSON BUGAJSKI
female, HUNTER, GANTNER, HUNTER GANTNER
male, THURMAN, BLUEDORN, THURMAN BLUEDORN
female, JETTA, CARRINGTON, JETTA CARRINGTON
male, EVA, TLATELPA, EVA TLATELPA
female, JOSLYN, LOUTHAN, JOSLYN LOUTHAN
male, RODNEY, NESTLEROAD, RODNEY NESTLEROAD
female, SUSANNA, MELOTTE, SUSANNA MELOTTE
male, OTHO, KHELA, OTHO KHELA
female, AURORE, BRUMLOW, AURORE BRUMLOW
male, FERDINAND, CAMBAS, FERDINAND CAMBAS
female, VENESSA, SCHAECHER, VENESSA SCHAECHER
male, WYATT, MCCRIMMON, WYATT MCCRIMMON
female, LUETTA, DONSBACH, LUETTA DONSBACH
male, EZRA, GALLUPPI, EZRA GALLUPPI
female, MONTANA, REPPEL, MONTANA REPPEL
male, ROMELLO, PAPPION, ROMELLO PAPPION
female, EULAH, KEEM, EULAH KEEM
male, MARTELL, MARTONE, MARTELL MARTONE
female, KARISSA, MANSUR, KARISSA MANSUR
male, DARRYLL, NEITZ, DARRYLL NEITZ
female, FRIEDA, HODSDON, FRIEDA HODSDON
male, GILES, BORON, GILES BORON
female, STASIA, BADGLEY, STASIA BADGLEY
male, ELIHU, ARGUELLEZ, ELIHU ARGUELLEZ
female, JOCELYN, STROBACH, JOCELYN STROBACH
male, ARDELL, DAVULURI, ARDELL DAVULURI
female, CRISTEN, AUGUSTINO, CRISTEN AUGUSTINO
male, COLUMBUS, BIRKELBACH, COLUMBUS BIRKELBACH
female, MADISYN, MELARAGNO, MADISYN MELARAGNO
male, AUGUSTE, MINTS, AUGUSTE MINTS
female, KAZUKO, AHLES, KAZUKO AHLES
male, HENCE, LEYLAND, HENCE LEYLAND
female, SYDELL, CEDRES, SYDELL CEDRES
male, DARRIN, BOURDO, DARRIN BOURDO
female, MAI, PYM, MAI PYM
male, CYRUS, BATTREALL, CYRUS BATTREALL
female, LUTIE, VANORD, LUTIE VANORD
male, JEFFERY, BRANTS, JEFFERY BRANTS
female, NORMAN, CRESCENTE, NORMAN CRESCENTE
male, SIMON, OGILBEE, SIMON OGILBEE
female, PAIRLEE, REAGANS, PAIRLEE REAGANS
male, ROLANDO, SCHLEPPI, ROLANDO SCHLEPPI
female, AUDRIANNA, JANCA, AUDRIANNA JANCA
male, BRANDAN, STALLSWORTH, BRANDAN STALLSWORTH
female, MALINDA, HERSHMAN, MALINDA HERSHMAN
male, LAFE, SERRALTA, LAFE SERRALTA
female, QIANA, GREGSTON, QIANA GREGSTON
male, HILBERT, NOVINGER, HILBERT NOVINGER
female, SHIELA, DUPRAY, SHIELA DUPRAY
male, SAMSON, CHLEBECK, SAMSON CHLEBECK
female, THEOLA, SHIVAK, THEOLA SHIVAK
male, CHANCY, TZIC, CHANCY TZIC
female, NONA, DUENAZ, NONA DUENAZ
male, BRENTON, ELSBECKER, BRENTON ELSBECKER
female, ERLINDA, HENAO, ERLINDA HENAO
male, GERRY, PANFIL, GERRY PANFIL
female, KATHERIN, NEWMYER, KATHERIN NEWMYER
male, ELONZO, BOSSHARDT, ELONZO BOSSHARDT
female, ADELINE, GIRDLEY, ADELINE GIRDLEY
male, LEONARDO, KERSCHNER, LEONARDO KERSCHNER
female, OSA, KEEBLER, OSA KEEBLER
male, SHAFTER, BARRALAGA, SHAFTER BARRALAGA
female, LUTIE, NARASIMHAN, LUTIE NARASIMHAN
male, AMIR, ABRUZZO, AMIR ABRUZZO
female, ALYSSA, KAPPERT, ALYSSA KAPPERT
male, SOLOMAN, FARAJI, SOLOMAN FARAJI
female, LATONYA, SWEARNGIN, LATONYA SWEARNGIN
male, GAVYN, SCHRADE, GAVYN SCHRADE
female, LOLLIE, LENNARD, LOLLIE LENNARD
male, ANDON, LUGTU, ANDON LUGTU
female, PEARLE, ARONI, PEARLE ARONI
male, MOHAMED, METZMEIER, MOHAMED METZMEIER
female, LAILAH, GARRON, LAILAH GARRON
male, JASPER, SESTA, JASPER SESTA
female, INGRID, KEYLOR, INGRID KEYLOR
male, BRENDA, HELGEMO, BRENDA HELGEMO
female, DAYNA, PLETTNER, DAYNA PLETTNER
male, HANSEL, FLITCROFT, HANSEL FLITCROFT
female, KENDALL, KOONZ, KENDALL KOONZ
male, SIE, TRIFONOV, SIE TRIFONOV
female, RITA, MANUEL, RITA MANUEL
male, HANS, GILLPATRICK, HANS GILLPATRICK
female, KALEIGH, BOWAN, KALEIGH BOWAN
male, OTT, SCHEPKER, OTT SCHEPKER
female, PALOMA, KISSINGER, PALOMA KISSINGER
male, RICKEY, SAGLIMBENI, RICKEY SAGLIMBENI
female, PALOMA, BALLATO, PALOMA BALLATO
male, KHIRY, TOLEAFOA, KHIRY TOLEAFOA
female, FRANCIES, DRESS, FRANCIES DRESS
male, DEFOREST, WINGSTER, DEFOREST WINGSTER
female, CLARE, HAILE, CLARE HAILE
male, LOUISE, IYER, LOUISE IYER
female, ODIE, MAGARO, ODIE MAGARO
male, FED, GARDINA, FED GARDINA
female, MAGDALENE, OSHA, MAGDALENE OSHA
male, ERASTUS, HANNS, ERASTUS HANNS
female, LOUVENIA, TEHANDON, LOUVENIA TEHANDON
male, RASHEED, SELVAGE, RASHEED SELVAGE
female, MALISSA, SACKO, MALISSA SACKO
male, RONIN, PUNTIEL, RONIN PUNTIEL
female, STEPHANI, SEMANCHIK, STEPHANI SEMANCHIK
male, ORIS, SEINER, ORIS SEINER
female, MAME, HOLETS, MAME HOLETS
male, MARGARET, PALLEN, MARGARET PALLEN
female, SIGNE, MCCUSKER, SIGNE MCCUSKER
male, KEON, HAGGAS, KEON HAGGAS
female, VERNIA, KOBBE, VERNIA KOBBE
male, VON, DIMMERLING, VON DIMMERLING
female, IVIE, JARDIM, IVIE JARDIM
male, ESSEX, VANBOREN, ESSEX VANBOREN
female, SHERYL, SPRUNG, SHERYL SPRUNG
male, DEBORAH, DEMARCO, DEBORAH DEMARCO
female, BONITA, BILLONE, BONITA BILLONE
male, HAMPTON, MONTANUS, HAMPTON MONTANUS
female, ORMA, VANDALSEM, ORMA VANDALSEM
male, CASSIUS, FRIEDT, CASSIUS FRIEDT
female, VERNE, SELVA, VERNE SELVA
male, ALFIE, CROMP, ALFIE CROMP
female, LYDA, SAGLIMBENI, LYDA SAGLIMBENI
male, CARTER, HAMSHER, CARTER HAMSHER
female, KATTIE, REYESPEREZ, KATTIE REYESPEREZ
male, OLAN, ETTORRE, OLAN ETTORRE
female, SAGE, CALIBOSO, SAGE CALIBOSO
male, DARRION, GANIC, DARRION GANIC
female, ALEXANDRA, KUJAK, ALEXANDRA KUJAK
male, CAYDEN, RICHELIEU, CAYDEN RICHELIEU
female, MISTIE, QUINN, MISTIE QUINN
male, HARVE, DOINO, HARVE DOINO
female, ASHLY, KOESSEL, ASHLY KOESSEL
male, PIERCE, HERNANDEZLEON, PIERCE HERNANDEZLEON
female, TAMMIE, GEDA, TAMMIE GEDA
male, BENARD, SCHUK, BENARD SCHUK
female, DIXIE, ESHO, DIXIE ESHO
male, WARREN, MUTHUSWAMY, WARREN MUTHUSWAMY
female, ENOLA, BUCCINI, ENOLA BUCCINI
male, WILFORD, SEVERIANO, WILFORD SEVERIANO
female, ETHYLE, TENEMAZA, ETHYLE TENEMAZA
male, BRANNON, BELKEN, BRANNON BELKEN
female, EDWARD, BULINGTON, EDWARD BULINGTON
male, GLOVER, TOLLNER, GLOVER TOLLNER
female, IVONNE, AGRE, IVONNE AGRE
male, DAVANTE, MAQUEIRA, DAVANTE MAQUEIRA
female, LEANNA, JURISICH, LEANNA JURISICH
male, ADDISON, GRAUSE, ADDISON GRAUSE
female, SHELBI, JOULE, SHELBI JOULE
male, ESTILL, MONTERO, ESTILL MONTERO
female, KYLA, RIVELLO, KYLA RIVELLO
male, ARVEL, JACQUART, ARVEL JACQUART
female, CLIFFIE, GUERREIRO, CLIFFIE GUERREIRO
male, HASSAN, TAPPER, HASSAN TAPPER
female, GRETA, MOWRER, GRETA MOWRER
male, SONNY, CARDOZA, SONNY CARDOZA
female, STEVEN, FLEMENS, STEVEN FLEMENS
male, CLAUDIE, ELLINGWOOD, CLAUDIE ELLINGWOOD
female, MARCELINA, PLETCHER, MARCELINA PLETCHER
male, BABYBOY, BURSHIA, BABYBOY BURSHIA
female, ELISSA, OASE, ELISSA OASE
male, JERED, MAICHEL, JERED MAICHEL
female, ILDA, ALIG, ILDA ALIG
male, JEREMY, KOWN, JEREMY KOWN
female, CHRISTEEN, WALSHAK, CHRISTEEN WALSHAK
male, HOLLIS, ELLICKSON, HOLLIS ELLICKSON
female, JALYNN, DITTY, JALYNN DITTY
male, OCTAVIUS, FOGWELL, OCTAVIUS FOGWELL
female, SHENNA, PIUNNO, SHENNA PIUNNO
male, TARIQ, TREBINO, TARIQ TREBINO
female, KATI, PICCIURRO, KATI PICCIURRO
male, CONNER, KIRCHHEVEL, CONNER KIRCHHEVEL
female, KASSANDRA, LAMORIE, KASSANDRA LAMORIE
male, ENRICO, OBLIGACION, ENRICO OBLIGACION
female, TINIE, VILLAPANDO, TINIE VILLAPANDO
male, LONNY, HAUSSMANN, LONNY HAUSSMANN
female, MANNIE, ARZT, MANNIE ARZT
male, GAGE, LEIFERT, GAGE LEIFERT
female, DAISIE, BENCA, DAISIE BENCA
male, COLLIN, CARLUCCI, COLLIN CARLUCCI
female, NOMA, MCSHANNON, NOMA MCSHANNON
male, MAXIM, LEONESIO, MAXIM LEONESIO
female, STELLA, JARRELS, STELLA JARRELS
male, RAY, BROCKSCHMIDT, RAY BROCKSCHMIDT
female, CLEMENTINA, SAINTILUS, CLEMENTINA SAINTILUS
male, CHIP, TOMIC, CHIP TOMIC
female, TRESA, SISKA, TRESA SISKA
male, GRANVILLE, URMSTON, GRANVILLE URMSTON
female, MARLYN, LOETHER, MARLYN LOETHER
male, ANGUS, REVELEY, ANGUS REVELEY
female, HUNTER, LATORRACA, HUNTER LATORRACA
male, OCIE, PACKEBUSH, OCIE PACKEBUSH
female, GERTHA, MENICUCCI, GERTHA MENICUCCI
male, BIRD, KOWALEWSKI, BIRD KOWALEWSKI
female, BRITTNY, PILLIS, BRITTNY PILLIS
male, LEWIS, GILLOCK, LEWIS GILLOCK
female, CHANTAL, PATRAS, CHANTAL PATRAS
male, REGIS, OPRE, REGIS OPRE
female, GERMAINE, VOROUS, GERMAINE VOROUS
male, LOVIE, AUTOBEE, LOVIE AUTOBEE
female, HALIE, LIMAURO, HALIE LIMAURO
male, JUWAN, MCAROY, JUWAN MCAROY
female, HEIDI, SOWERS, HEIDI SOWERS
male, ZEB, CIKO, ZEB CIKO
female, NYLAH, SCHLEIGH, NYLAH SCHLEIGH
male, JONNIE, BOSTEDO, JONNIE BOSTEDO
female, TIFFANI, LUSTENBERGER, TIFFANI LUSTENBERGER
male, STACEY, SANCHEZCASTILL, STACEY SANCHEZCASTILL
female, JESENIA, VESA, JESENIA VESA
male, DAMIAN, SCERCY, DAMIAN SCERCY
female, PORSCHE, THINNES, PORSCHE THINNES
male, VIRGE, SENFFNER, VIRGE SENFFNER
female, ADRIENE, ABBENANTE, ADRIENE ABBENANTE
male, GRAHAM, HURM, GRAHAM HURM
female, VERNIA, MOGHIMI, VERNIA MOGHIMI
male, EDSEL, SILAR, EDSEL SILAR
female, ABBIE, SAIR, ABBIE SAIR
male, MACKENZIE, ORTIZMORALES, MACKENZIE ORTIZMORALES
female, MILLICENT, HAFFEY, MILLICENT HAFFEY
male, ALFORD, KRETSCHMANN, ALFORD KRETSCHMANN
female, TOSHIKO, ITO, TOSHIKO ITO
male, WILEY, SZOSTEK, WILEY SZOSTEK
female, KIMORA, WAIN, KIMORA WAIN
male, TRAVIS, SALEWSKY, TRAVIS SALEWSKY
female, YADIRA, PSAROS, YADIRA PSAROS
male, CLEVELAND, CAMINOS, CLEVELAND CAMINOS
female, WILLENE, LEICHTLE, WILLENE LEICHTLE
male, KESHAUN, SIMPAO, KESHAUN SIMPAO
female, JUSTINE, MORESI, JUSTINE MORESI
male, STONE, BECKSTEAD, STONE BECKSTEAD
female, LURA, NATHER, LURA NATHER
male, TOREY, KENNISON, TOREY KENNISON
female, GIRTHA, CHINNOCK, GIRTHA CHINNOCK
male, HARLEY, PROCE, HARLEY PROCE
female, ROCIO, SAI, ROCIO SAI
male, RONAN, RONNOW, RONAN RONNOW
female, RENA, WALKENBACH, RENA WALKENBACH
male, LOVETT, BOLF, LOVETT BOLF
female, JASLYN, ARJUN, JASLYN ARJUN
male, RORY, RIGGAR, RORY RIGGAR
female, FRANCIS, LUCHTEFELD, FRANCIS LUCHTEFELD
male, DARRELL, LEIVA, DARRELL LEIVA
female, MIA, ALVARE, MIA ALVARE
male, NORMAN, KILKENNY, NORMAN KILKENNY
female, HANNA, STOLZE, HANNA STOLZE
male, CAEL, STEENBURG, CAEL STEENBURG
female, FREIDA, MCVAY, FREIDA MCVAY
male, CHALMERS, PANSING, CHALMERS PANSING
female, LAVERN, INCHES, LAVERN INCHES
male, JAQUAN, MASERANG, JAQUAN MASERANG
female, EARLENE, COLMENAREZ, EARLENE COLMENAREZ
male, HERSHELL, TAUSCH, HERSHELL TAUSCH
female, LAILAH, CAVERA, LAILAH CAVERA
male, TATSUO, HAIDLE, TATSUO HAIDLE
female, PARIS, RISTAU, PARIS RISTAU
male, KAYE, RIELAND, KAYE RIELAND
female, JAYCEE, SOUVANNASANE, JAYCEE SOUVANNASANE
male, ELIZA, ESPINAL, ELIZA ESPINAL
female, MONIKA, WILBORN, MONIKA WILBORN
male, CYNTHIA, EVITTS, CYNTHIA EVITTS
female, BEYONCE, CANELL, BEYONCE CANELL
male, ORION, CORDONNIER, ORION CORDONNIER
female, HAYLEY, MIKA, HAYLEY MIKA
male, WHIT, ANGELOTTI, WHIT ANGELOTTI
female, LORELAI, PICHEY, LORELAI PICHEY
male, DOMENIC, VIGER, DOMENIC VIGER
female, LILAH, WAECHTLER, LILAH WAECHTLER
male, DARRYLL, ABBINANTI, DARRYLL ABBINANTI
female, KIMORA, HIPPLE, KIMORA HIPPLE
male, TYREK, HULLEY, TYREK HULLEY
female, DEMA, BLINKA, DEMA BLINKA
male, DERIK, MASTRONARDO, DERIK MASTRONARDO
female, BONNY, PHAROAH, BONNY PHAROAH
male, BENJAMAN, ADAMIEC, BENJAMAN ADAMIEC
female, ZOIE, DRASKOVICH, ZOIE DRASKOVICH
male, MERVYN, AUGILAR, MERVYN AUGILAR
female, VILLA, FERIDO, VILLA FERIDO
male, FRANKLIN, NOAH, FRANKLIN NOAH
female, MARIN, ALATTAR, MARIN ALATTAR
male, MALACHI, FISLER, MALACHI FISLER
female, LARAE, BORELLA, LARAE BORELLA
male, EMERSON, WINKERS, EMERSON WINKERS
female, CADENCE, WEIGT, CADENCE WEIGT
male, ODDIE, MARTUCCIO, ODDIE MARTUCCIO
female, JAYLEN, MACFEE, JAYLEN MACFEE
male, KAYE, SNEDECOR, KAYE SNEDECOR
female, CAMRYN, CARBERRY, CAMRYN CARBERRY
male, AURTHUR, HOPKINSON, AURTHUR HOPKINSON
female, ANIKA, NOVIK, ANIKA NOVIK
male, EDIE, CIPRIANI, EDIE CIPRIANI
female, ARLETH, MESROBIAN, ARLETH MESROBIAN
male, ROYAL, WEGWERTH, ROYAL WEGWERTH
female, PAISLEY, JAREMA, PAISLEY JAREMA
male, BERTHA, SEDIVEC, BERTHA SEDIVEC
female, WYNONA, KUPER, WYNONA KUPER
male, ULISES, EDINBURGH, ULISES EDINBURGH
female, DOVE, GALLIONE, DOVE GALLIONE
male, COLIN, TWETEN, COLIN TWETEN
female, WHITNEY, SRAN, WHITNEY SRAN
male, EWING, LEVERING, EWING LEVERING
female, MONSERRAT, TRATE, MONSERRAT TRATE
male, TARIQ, CIVITARESE, TARIQ CIVITARESE
female, KENDRA, VAASSEN, KENDRA VAASSEN
male, GREG, PLACZEK, GREG PLACZEK
female, LEESA, REEMTS, LEESA REEMTS
male, WAYMAN, BOBBIO, WAYMAN BOBBIO
female, GRACELYN, GREYTAK, GRACELYN GREYTAK
male, PEARLIE, SANFACON, PEARLIE SANFACON
female, TEXIE, KRSTIC, TEXIE KRSTIC
male, MICHEAL, IDDEEN, MICHEAL IDDEEN
female, GUSTA, DELOTTO, GUSTA DELOTTO
male, BERYL, MINS, BERYL MINS
female, ISABEL, PALETTA, ISABEL PALETTA
male, ROSENDO, MOSQUEA, ROSENDO MOSQUEA
female, SHERILYN, RAPOPORT, SHERILYN RAPOPORT
male, ANDON, FLORIE, ANDON FLORIE
female, HALIE, AHMETOVIC, HALIE AHMETOVIC
male, JUDD, KESER, JUDD KESER
female, VICTORY, ASHCROFT, VICTORY ASHCROFT
male, ROBB, MOVVA, ROBB MOVVA
female, DORTHEA, GAGHAN, DORTHEA GAGHAN
male, PEARLEY, FLOCH, PEARLEY FLOCH
female, MARILOU, JANCZAK, MARILOU JANCZAK
male, HAMILTON, KUNK, HAMILTON KUNK
female, LEOTA, TEGGE, LEOTA TEGGE
male, ALANZO, CHAUEZ, ALANZO CHAUEZ
female, JILL, RISOLO, JILL RISOLO
male, HAROLD, DUNKER, HAROLD DUNKER
female, VIRGINIA, JAISINGHANI, VIRGINIA JAISINGHANI
male, MICHAEL, RAYNAUD, MICHAEL RAYNAUD
female, VALERY, CLEMANS, VALERY CLEMANS
male, ELI, SHANDER, ELI SHANDER
female, TEXANNA, REMP, TEXANNA REMP
male, JAIME, DINE, JAIME DINE
female, AGNES, AHEARNE, AGNES AHEARNE
male, ROLL, PARACHE, ROLL PARACHE
female, GWENDOLYN, DEGRACE, GWENDOLYN DEGRACE
male, GROVE, SANDRIA, GROVE SANDRIA
female, BERENICE, PRANSKY, BERENICE PRANSKY
male, CANYON, KRIPS, CANYON KRIPS
female, ELYSE, GRAUS, ELYSE GRAUS
male, ADRIAN, SHIPLETT, ADRIAN SHIPLETT
female, JEAN, DONNALLEY, JEAN DONNALLEY
male, ANNA, CINO, ANNA CINO
female, TAMALA, KAPPAS, TAMALA KAPPAS
male, NORBERTO, BEAUSOLEIL, NORBERTO BEAUSOLEIL
female, ODETTE, DUFFNER, ODETTE DUFFNER
male, SCHLEY, LEANG, SCHLEY LEANG
female, CELESTIA, NEWLOVE, CELESTIA NEWLOVE
male, WINFORD, KETKAR, WINFORD KETKAR
female, PRICILLA, CARBERT, PRICILLA CARBERT
male, ALPHONSO, ABEEL, ALPHONSO ABEEL
female, RUBYE, DADURA, RUBYE DADURA
male, EPHRAM, CRINGAN, EPHRAM CRINGAN
female, KALYN, SIMONSEN, KALYN SIMONSEN
male, TOBIAS, HUCHKO, TOBIAS HUCHKO
female, BETHZY, HEFLING, BETHZY HEFLING
male, DAMION, VANEYK, DAMION VANEYK
female, SHYLA, KENWOOD, SHYLA KENWOOD
male, BRUNO, FRONCE, BRUNO FRONCE
female, DOVE, ROKOSZ, DOVE ROKOSZ
male, ARRON, HAAGA, ARRON HAAGA
female, KALEENA, ZIESMER, KALEENA ZIESMER
male, LISTON, SALVUCCI, LISTON SALVUCCI
female, SONIA, OWOEYE, SONIA OWOEYE
male, KENJI, WISTER, KENJI WISTER
female, EOLA, FRIX, EOLA FRIX
male, ESTES, LARABELL, ESTES LARABELL
female, BAMA, OGGS, BAMA OGGS
male, DONTA, RAMIG, DONTA RAMIG
female, BRIANA, ALTY, BRIANA ALTY
male, ROLL, PARADINE, ROLL PARADINE
female, CAMMIE, SHUELL, CAMMIE SHUELL
male, JUSTEN, KOHRING, JUSTEN KOHRING
female, BEVERLY, REINERT, BEVERLY REINERT
male, MAE, TUNTLAND, MAE TUNTLAND
female, MICAYLA, PATINELLA, MICAYLA PATINELLA
male, TAVION, HARTQUIST, TAVION HARTQUIST
female, APRIL, CHAMPEAU, APRIL CHAMPEAU
male, DAVEY, VANDEKROL, DAVEY VANDEKROL
female, MARLENE, KARMAZIN, MARLENE KARMAZIN
male, GILES, WARRIOR, GILES WARRIOR
female, EMOGENE, ALEKSICH, EMOGENE ALEKSICH
male, WENDELL, ISAKOV, WENDELL ISAKOV
female, JERRICA, MATTEUCCI, JERRICA MATTEUCCI
male, DAMARCUS, MULET, DAMARCUS MULET
female, KEENA, LEGOWSKI, KEENA LEGOWSKI
male, GANNON, CANNESTRA, GANNON CANNESTRA
female, AMELIE, CORRO, AMELIE CORRO
male, MAX, BLASCH, MAX BLASCH
female, MARYBETH, WHAM, MARYBETH WHAM
male, DURRELL, BONGIORNO, DURRELL BONGIORNO
female, RANDI, WACK, RANDI WACK
male, KENDALL, HOYETT, KENDALL HOYETT
female, GILLIE, PEREZCORTEZ, GILLIE PEREZCORTEZ
male, PAXTON, PILACHOWSKI, PAXTON PILACHOWSKI
female, OLENE, PACHOLSKI, OLENE PACHOLSKI
male, HARVY, ROMULUS, HARVY ROMULUS
female, CARLY, TECUN, CARLY TECUN
male, EDITH, WAWRZYNSKI, EDITH WAWRZYNSKI
female, LATOSHA, SCHOENEMANN, LATOSHA SCHOENEMANN
male, FERRELL, LAMPTON, FERRELL LAMPTON
female, BRIANDA, ELDIN, BRIANDA ELDIN
male, RAYBURN, MEROW, RAYBURN MEROW
female, LOUVENIA, STEETS, LOUVENIA STEETS
male, SOLON, MALLABER, SOLON MALLABER
female, TRINIDAD, STASZEL, TRINIDAD STASZEL
male, JUAN, ZAMPERINI, JUAN ZAMPERINI
female, GOLDIA, SHOATS, GOLDIA SHOATS
male, CLAUDE, EMERIC, CLAUDE EMERIC
female, ANNELIESE, LAGACY, ANNELIESE LAGACY
male, BRODY, AWEIS, BRODY AWEIS
female, SHERLYN, PANETH, SHERLYN PANETH
male, DAMEON, BANASZAK, DAMEON BANASZAK
female, ASHLEE, RAFFAELLI, ASHLEE RAFFAELLI
male, ELWYN, KOLLIAS, ELWYN KOLLIAS
female, NETTIE, HUSAIN, NETTIE HUSAIN
male, CALEB, DERN, CALEB DERN
female, JOSEPH, HOLDORF, JOSEPH HOLDORF
male, RANCE, KORNELE, RANCE KORNELE
female, KEYLA, TAJIBOY, KEYLA TAJIBOY
male, JORDYN, PILLARI, JORDYN PILLARI
female, MAURA, GIEM, MAURA GIEM
male, REBECCA, ONTIVEROS, REBECCA ONTIVEROS
female, EMERALD, SCHUHMANN, EMERALD SCHUHMANN
male, JENNIFER, DRAGOTTA, JENNIFER DRAGOTTA
female, CELESTIA, LASKOWSKI, CELESTIA LASKOWSKI
male, IGNATZ, KOEHLINGER, IGNATZ KOEHLINGER
female, SUNNY, LEHN, SUNNY LEHN
male, JAMAAL, MCMANIMON, JAMAAL MCMANIMON
female, EDWINA, MCELMURRY, EDWINA MCELMURRY
male, PERCY, GRABBER, PERCY GRABBER
female, BEDA, QUEK, BEDA QUEK
male, PAGE, PETAK, PAGE PETAK
female, JAYLYNN, COOMBES, JAYLYNN COOMBES
male, HANK, ADAMSKI, HANK ADAMSKI
female, SALLY, BRODEHL, SALLY BRODEHL
male, TOREY, SHENG, TOREY SHENG
female, EVETTE, AGRO, EVETTE AGRO
male, ARVEL, ANTONAKOS, ARVEL ANTONAKOS
female, BEVERLEE, BOGERT, BEVERLEE BOGERT
male, GAYLORD, CUSH, GAYLORD CUSH
female, CORTNEY, MERWORTH, CORTNEY MERWORTH
male, CHAD, RODAN, CHAD RODAN
female, RAYNA, COLVARD, RAYNA COLVARD
male, ANGUS, BAGCHI, ANGUS BAGCHI
female, SARRAH, RAAEN, SARRAH RAAEN
male, YANCY, ROTTERMAN, YANCY ROTTERMAN
female, TIMOTHY, DAFFRON, TIMOTHY DAFFRON
male, MANLY, SAIGH, MANLY SAIGH
female, MARGRETTA, BRIKHO, MARGRETTA BRIKHO
male, RORY, MICELE, RORY MICELE
female, ARDETH, MATUZA, ARDETH MATUZA
male, HEBERT, BASILONE, HEBERT BASILONE
female, BRYANNA, TEEPLE, BRYANNA TEEPLE
male, ADELBERT, ESH, ADELBERT ESH
female, BROOK, SHCHERBINA, BROOK SHCHERBINA
male, MOISES, TORNEL, MOISES TORNEL
female, META, PENDON, META PENDON
male, BIRT, KRUIZE, BIRT KRUIZE
female, LAVERNE, NAWMAN, LAVERNE NAWMAN
male, STEVE, MILIC, STEVE MILIC
female, LOCKIE, POUNDER, LOCKIE POUNDER
male, YORK, HARBUCK, YORK HARBUCK
female, MABEL, GHARBI, MABEL GHARBI
male, HILLARD, AYRES, HILLARD AYRES
female, JORJA, SAINTJOHN, JORJA SAINTJOHN
male, REGAN, MARKGRAF, REGAN MARKGRAF
female, CHARITY, BAENEN, CHARITY BAENEN
male, ORRIN, WENDELBERGER, ORRIN WENDELBERGER
female, BETTYE, VACCARI, BETTYE VACCARI
male, MOSE, MONDEAU, MOSE MONDEAU
female, MADYSON, DOBIS, MADYSON DOBIS
male, ORLIN, GLIDDEN, ORLIN GLIDDEN
female, AMALIE, NORORI, AMALIE NORORI
male, SHERIDAN, ALFREDO, SHERIDAN ALFREDO
female, TRICIA, KARSTENS, TRICIA KARSTENS
male, MYLES, YETTAW, MYLES YETTAW
female, KAYCEE, YELLING, KAYCEE YELLING
male, RODGER, ARRIZOLA, RODGER ARRIZOLA
female, SARA, COLLIEN, SARA COLLIEN
male, CLAUD, HULIT, CLAUD HULIT
female, DOLLY, BUCCHI, DOLLY BUCCHI
male, ESTON, BROADWAY, ESTON BROADWAY
female, DEB, KIRNON, DEB KIRNON
male, BARTON, GUARINI, BARTON GUARINI
female, DEBBIE, WYSOCKY, DEBBIE WYSOCKY
male, MATIAS, DELIMA, MATIAS DELIMA
female, ROSALINDA, ESTABROOK, ROSALINDA ESTABROOK
male, ZOLLIE, RACCUIA, ZOLLIE RACCUIA
female, EDYTHE, MORCOS, EDYTHE MORCOS
male, GRAYLING, SCHRAMER, GRAYLING SCHRAMER
female, BAILEY, GORAN, BAILEY GORAN
male, KIAN, MARTELLY, KIAN MARTELLY
female, CAPITOLA, ALARDIN, CAPITOLA ALARDIN
male, SHEPHERD, KOWALLIS, SHEPHERD KOWALLIS
female, JOELLA, KIRKCONNELL, JOELLA KIRKCONNELL
male, WINFORD, VELECELA, WINFORD VELECELA
female, ZILLAH, DRESSEN, ZILLAH DRESSEN
male, TOREY, HUGS, TOREY HUGS
female, NELIE, TENEBRUSO, NELIE TENEBRUSO
male, ELMORE, ASCENZO, ELMORE ASCENZO
female, SHANNEN, KELLERMAN, SHANNEN KELLERMAN
male, ARBIE, VANDERHEYDEN, ARBIE VANDERHEYDEN
female, ALEXINA, AGAS, ALEXINA AGAS
male, ARMAN, INCANTALUPO, ARMAN INCANTALUPO
female, RILLIE, CASHDOLLAR, RILLIE CASHDOLLAR
male, DUNCAN, CALO, DUNCAN CALO
female, RENAE, CONKRIGHT, RENAE CONKRIGHT
male, KADE, ANZUALDA, KADE ANZUALDA
female, LEA, PINKAVA, LEA PINKAVA
male, RONALDO, VAUTRIN, RONALDO VAUTRIN
female, SAGE, DIGAL, SAGE DIGAL
male, ELIAS, MENOLD, ELIAS MENOLD
female, JALISSA, ACAR, JALISSA ACAR
male, SHEP, SARAGO, SHEP SARAGO
female, EUNA, DIETTE, EUNA DIETTE
male, SMITH, MALTHANER, SMITH MALTHANER
female, LAVELLE, TELEGA, LAVELLE TELEGA
male, BURREL, LAMBART, BURREL LAMBART
female, WILLIAM, STIDUM, WILLIAM STIDUM
male, FERRIS, KOWATCH, FERRIS KOWATCH
female, AMA, TREVISO, AMA TREVISO
male, BUFORD, LEINEN, BUFORD LEINEN
female, CADENCE, STACHYRA, CADENCE STACHYRA
male, JERMEY, HALTERMAN, JERMEY HALTERMAN
female, SHERITA, MURALI, SHERITA MURALI
male, BILLY, AMICONE, BILLY AMICONE
female, SHANA, SUMMY, SHANA SUMMY
male, SUSIE, COLACE, SUSIE COLACE
female, ZHANE, DARGAY, ZHANE DARGAY
male, GRAVES, LOUDIN, GRAVES LOUDIN
female, CRISTEN, KENARD, CRISTEN KENARD
male, BENJAMEN, PEA, BENJAMEN PEA
female, ADILENE, HODINA, ADILENE HODINA
male, ARI, PHUONG, ARI PHUONG
female, BARBARA, GOANS, BARBARA GOANS
male, BISHOP, WILBERN, BISHOP WILBERN
female, ELMIRE, CORPSTEIN, ELMIRE CORPSTEIN
male, MURRY, TUCCERI, MURRY TUCCERI
female, FLOY, BUNGAY, FLOY BUNGAY
male, JAMARCUS, FRENTZ, JAMARCUS FRENTZ
female, DESTINEY, WEAGLEY, DESTINEY WEAGLEY
male, ANN, SCHWAGERL, ANN SCHWAGERL
female, JETTIE, TAYSON, JETTIE TAYSON
male, BRITT, JIROVEC, BRITT JIROVEC
female, LEYLA, ANDERS, LEYLA ANDERS
male, AMANDA, FREYERMUTH, AMANDA FREYERMUTH
female, MELODEE, FORTKAMP, MELODEE FORTKAMP
male, JEFFEREY, GOULAS, JEFFEREY GOULAS
female, LURA, HARVICK, LURA HARVICK
male, ALLYN, GOLDWIRE, ALLYN GOLDWIRE
female, ARNETTA, LUCINI, ARNETTA LUCINI
male, SILAS, WHYEL, SILAS WHYEL
female, MAFALDA, CHANDRAMOHAN, MAFALDA CHANDRAMOHAN
male, JADEN, MURGAS, JADEN MURGAS
female, TAMEKA, SKOCH, TAMEKA SKOCH
male, MERCER, KOSKELA, MERCER KOSKELA
female, PERRY, WINTERTON, PERRY WINTERTON
male, OTHA, HERBST, OTHA HERBST
female, GAYNELL, BECERA, GAYNELL BECERA
male, MAYO, MYALL, MAYO MYALL
female, JEWELL, RUUD, JEWELL RUUD
male, LONDON, RENNICK, LONDON RENNICK
female, ALYSON, WITTS, ALYSON WITTS
male, KORBIN, MAVENCAMP, KORBIN MAVENCAMP
female, LORETTO, RANKIN, LORETTO RANKIN
male, LAVERN, DAINE, LAVERN DAINE
female, SHANON, HEINSEN, SHANON HEINSEN
male, ODIE, FRANKENBACH, ODIE FRANKENBACH
female, CHELSEA, SPILLER, CHELSEA SPILLER
male, GLYNN, OVED, GLYNN OVED
female, SHAKIRA, COLDSMITH, SHAKIRA COLDSMITH
male, MORTIMER, ENDERS, MORTIMER ENDERS
female, FRANC, TREVARROW, FRANC TREVARROW
male, GREGORY, CLEER, GREGORY CLEER
female, IZA, SPASOJEVIC, IZA SPASOJEVIC
male, DARRIEN, BUSEY, DARRIEN BUSEY
female, MARGARETT, HEVERON, MARGARETT HEVERON
male, GUSTAVUS, LOOKABILL, GUSTAVUS LOOKABILL
female, JACQUELYN, SYDENSTRICKER, JACQUELYN SYDENSTRICKER
male, GABE, BAKAITIS, GABE BAKAITIS
female, TOM, BENKEN, TOM BENKEN
male, FRANKLYN, LENCE, FRANKLYN LENCE
female, ABIGALE, MENEZ, ABIGALE MENEZ
male, LILLIAN, NEMCHEK, LILLIAN NEMCHEK
female, ALLEEN, HOVEN, ALLEEN HOVEN
male, MART, PALANZA, MART PALANZA
female, DELCIE, HARFORD, DELCIE HARFORD
male, TRISTIAN, FLOOD, TRISTIAN FLOOD
female, SUZY, DORATHY, SUZY DORATHY
male, GRANVILLE, LANSDOWNE, GRANVILLE LANSDOWNE
female, AIYANA, POLSKY, AIYANA POLSKY
male, EDWARDO, TAMBORSKI, EDWARDO TAMBORSKI
female, ESMERALDA, LICKING, ESMERALDA LICKING
male, LISTON, WALTOWER, LISTON WALTOWER
female, SYBLE, MUJKIC, SYBLE MUJKIC
male, HAYS, RIDGELY, HAYS RIDGELY
female, CALLA, MARSON, CALLA MARSON
male, ALEX, MALLARI, ALEX MALLARI
female, AMMIE, MCJUNKIN, AMMIE MCJUNKIN
male, BUD, TALAREK, BUD TALAREK
female, EBONI, VERNATTER, EBONI VERNATTER
male, JAHIEM, SPANGLE, JAHIEM SPANGLE
female, SYLVA, SAFAEI, SYLVA SAFAEI
male, JENNIE, BELLOMO, JENNIE BELLOMO
female, DULCE, SIDMAN, DULCE SIDMAN
male, JESUS, CALLEWAERT, JESUS CALLEWAERT
female, FILOMENA, BERRIS, FILOMENA BERRIS
male, DANIELLE, BOEHNEN, DANIELLE BOEHNEN
female, WINNIFRED, CONTOS, WINNIFRED CONTOS
male, ANTHONEY, SYMANIETZ, ANTHONEY SYMANIETZ
female, ANIE, KORPICS, ANIE KORPICS
male, TEDDIE, LACARIA, TEDDIE LACARIA
female, ELEANORA, MCVITTIE, ELEANORA MCVITTIE
male, KEGAN, KINTZELE, KEGAN KINTZELE
female, ORENE, MONHEIT, ORENE MONHEIT
male, OBIE, GLAND, OBIE GLAND
female, SIGRID, IBACH, SIGRID IBACH
male, BENJI, FULINARA, BENJI FULINARA
female, JERALDINE, RUBBO, JERALDINE RUBBO
male, GUSSIE, PANTALEONE, GUSSIE PANTALEONE
female, SHANA, CRACCO, SHANA CRACCO
male, CONWAY, DELZEITH, CONWAY DELZEITH
female, LINDA, MOORHEAD, LINDA MOORHEAD
male, ROLL, HEGYI, ROLL HEGYI
female, DEEANN, PORK, DEEANN PORK
male, MARLYN, VERHULST, MARLYN VERHULST
female, OLEVIA, NIGRELLI, OLEVIA NIGRELLI
male, HARDIE, ROBEN, HARDIE ROBEN
female, BRIDGETT, FLUHR, BRIDGETT FLUHR
male, MARTIN, BILLIMORIA, MARTIN BILLIMORIA
female, NOMA, RODONI, NOMA RODONI
male, CLEMENCE, MOTTERSHEAD, CLEMENCE MOTTERSHEAD
female, MARGUERITTA, MCCOTTRELL, MARGUERITTA MCCOTTRELL
male, STACEY, ACIDERA, STACEY ACIDERA
female, KIZZY, ADAMCZAK, KIZZY ADAMCZAK
male, CLEMON, SONA, CLEMON SONA
female, TERA, DOMIER, TERA DOMIER
male, GENARO, WYTASKE, GENARO WYTASKE
female, AKIRA, KERTH, AKIRA KERTH
male, ABRAM, REVENAUGH, ABRAM REVENAUGH
female, GILLIE, SOIGNET, GILLIE SOIGNET
male, REGIS, DANGERFIELD, REGIS DANGERFIELD
female, TAWNY, GODSON, TAWNY GODSON
male, EPHRIAM, HULTING, EPHRIAM HULTING
female, SHAWN, GARDER, SHAWN GARDER
male, DRURY, LUKASIAK, DRURY LUKASIAK
female, DAKOTA, USKO, DAKOTA USKO
male, JOHNNY, ROETHEMEYER, JOHNNY ROETHEMEYER
female, CIARRA, RORABACK, CIARRA RORABACK
male, WHEELER, CHARGIN, WHEELER CHARGIN
female, CLEMIE, SORN, CLEMIE SORN
male, HARLIE, GIBBAR, HARLIE GIBBAR
female, CRESSIE, WOODARD, CRESSIE WOODARD
male, IKE, ONYEKWERE, IKE ONYEKWERE
female, NEVADA, OESCH, NEVADA OESCH
male, FATE, NORTHROP, FATE NORTHROP
female, DALIA, OSWALT, DALIA OSWALT
male, NORTH, BOCCHIERI, NORTH BOCCHIERI
female, ARIETTA, GILLIT, ARIETTA GILLIT
male, JERAMY, LEINBACH, JERAMY LEINBACH
female, OTA, TEPEDINO, OTA TEPEDINO
male, HOLLIE, DIBISCEGLIE, HOLLIE DIBISCEGLIE
female, ROXY, GUSTAVSEN, ROXY GUSTAVSEN
male, LIONEL, OCHSENHIRT, LIONEL OCHSENHIRT
female, SUSSIE, SWINDALL, SUSSIE SWINDALL
male, BRANT, RICKLIN, BRANT RICKLIN
female, ROY, SAUERWINE, ROY SAUERWINE
male, TRAYVON, JANSKY, TRAYVON JANSKY
female, MARILLA, VAGEDES, MARILLA VAGEDES
male, TAJ, CHABRA, TAJ CHABRA
female, TRESSIE, RHAME, TRESSIE RHAME
male, ATHA, KALINKA, ATHA KALINKA
female, JOHANNAH, HANGEN, JOHANNAH HANGEN
male, BILLY, BARBEY, BILLY BARBEY
female, DESTANY, DIERKHISING, DESTANY DIERKHISING
male, ERASMUS, VALETIN, ERASMUS VALETIN
female, SONJI, GOTTMAN, SONJI GOTTMAN
male, JASE, STOPERA, JASE STOPERA
female, ANGELIC, FREKING, ANGELIC FREKING
male, OSSIE, HANDRAHAN, OSSIE HANDRAHAN
female, JAZLENE, TAIRA, JAZLENE TAIRA
male, ERBY, VALL, ERBY VALL
female, CHRYSTAL, SHACKLETON, CHRYSTAL SHACKLETON
male, BRYCE, RANDLEMAN, BRYCE RANDLEMAN
female, ELAINA, FERRAO, ELAINA FERRAO
male, ARMAN, BOSANAC, ARMAN BOSANAC
female, FELICIE, POTE, FELICIE POTE
male, RAQUAN, PUVOGEL, RAQUAN PUVOGEL
female, ELMINA, GRANDPRE, ELMINA GRANDPRE
male, ELTON, MCSHAW, ELTON MCSHAW
female, AMALIE, SCHALOW, AMALIE SCHALOW
male, VERLYN, KIENHOLZ, VERLYN KIENHOLZ
female, JANN, KAMIMOTO, JANN KAMIMOTO
male, RAYFORD, DRAWHORN, RAYFORD DRAWHORN
female, FATIMA, NACARATO, FATIMA NACARATO
male, LYRIC, PECHARICH, LYRIC PECHARICH
female, KALLIE, WILDRICK, KALLIE WILDRICK
male, BLISS, PARRAM, BLISS PARRAM
female, ETHER, BRAESCH, ETHER BRAESCH
male, GEROLD, CALIP, GEROLD CALIP
female, HEDY, POPOLA, HEDY POPOLA
male, RUBIN, FILIPOVIC, RUBIN FILIPOVIC
female, LAVELLE, ROCHIN, LAVELLE ROCHIN
male, DARREL, PLESNIAK, DARREL PLESNIAK
female, SHAWNA, VITONE, SHAWNA VITONE
male, RONALD, RAPAGLIA, RONALD RAPAGLIA
female, CHRISTENA, BANASZEWSKI, CHRISTENA BANASZEWSKI
male, WALDO, ZEIDAN, WALDO ZEIDAN
female, DANNA, HIBBLER, DANNA HIBBLER
male, TORRENCE, YASUDA, TORRENCE YASUDA
female, DONIA, PASIK, DONIA PASIK
male, JERE, FIRESTEIN, JERE FIRESTEIN
female, CLEMMIE, HALFACRE, CLEMMIE HALFACRE
male, VALENTIN, CASTORO, VALENTIN CASTORO
female, DANIEL, AXLER, DANIEL AXLER
male, REGIS, BOSKO, REGIS BOSKO
female, ARELI, WINTHEISER, ARELI WINTHEISER
male, EARLEY, KLAPROTH, EARLEY KLAPROTH
female, CHARLEEN, GEE, CHARLEEN GEE
male, LENNY, DOROTEO, LENNY DOROTEO
female, HETTY, COFFLAND, HETTY COFFLAND
male, HAIDEN, BOVERO, HAIDEN BOVERO
female, ARLYNE, HYDARA, ARLYNE HYDARA
male, JULIO, SCHMECHEL, JULIO SCHMECHEL
female, BEVERLEY, EVILSIZER, BEVERLEY EVILSIZER
male, SKYLER, FAGOT, SKYLER FAGOT
female, ABRIL, WOJENSKI, ABRIL WOJENSKI
male, ALONSO, ORLOVA, ALONSO ORLOVA
female, MOESHA, SIKANDAR, MOESHA SIKANDAR
male, DAMARCUS, KOLLMAR, DAMARCUS KOLLMAR
female, MAYME, ZETINA, MAYME ZETINA
male, BERNHARD, FLAGSTAD, BERNHARD FLAGSTAD
female, CHAYA, KURIYAMA, CHAYA KURIYAMA
male, FORREST, CONTARDO, FORREST CONTARDO
female, AMY, TANGHAL, AMY TANGHAL
male, JOSEPH, DOINO, JOSEPH DOINO
female, ELEANORE, WESNEY, ELEANORE WESNEY
male, HUNT, RINGWALD, HUNT RINGWALD
female, SUMMER, NGO, SUMMER NGO
male, BRAYLEN, JIMMERSON, BRAYLEN JIMMERSON
female, JULIANNE, TE, JULIANNE TE
male, CLEMENS, GLAB, CLEMENS GLAB
female, KATY, AGUILARMARTINE, KATY AGUILARMARTINE
male, DUARD, LESSANE, DUARD LESSANE
female, JAILYN, GENUNG, JAILYN GENUNG
male, TYRIK, SCHATTEL, TYRIK SCHATTEL
female, HANNAH, GRODEN, HANNAH GRODEN
male, DIMITRI, LECKELT, DIMITRI LECKELT
female, LOVE, MENSINGER, LOVE MENSINGER
male, YAEL, MCCOGGLE, YAEL MCCOGGLE
female, KANISHA, PILIPCHUK, KANISHA PILIPCHUK
male, CLAUDIO, ANDERWALD, CLAUDIO ANDERWALD
female, MOIRA, CRITCHLOW, MOIRA CRITCHLOW
male, ADDISON, LOHRE, ADDISON LOHRE
female, CELESTINE, PETTIBONE, CELESTINE PETTIBONE
male, OBIE, SHAAR, OBIE SHAAR
female, TERA, LINNEMEIER, TERA LINNEMEIER
male, DEONTAE, MABROUK, DEONTAE MABROUK
female, OTTIE, VANDONSELAAR, OTTIE VANDONSELAAR
male, GARRETT, RUSCITTO, GARRETT RUSCITTO
female, MELBA, JAGROOP, MELBA JAGROOP
male, ALOYS, FLADD, ALOYS FLADD
female, JAIME, GELOSO, JAIME GELOSO
male, COLIN, RAGBIR, COLIN RAGBIR
female, JANIS, ISEMAN, JANIS ISEMAN
male, DWAIN, GRITZ, DWAIN GRITZ
female, JAMYA, SNOEK, JAMYA SNOEK
male, KHALIL, NICHELSON, KHALIL NICHELSON
female, EMMALINE, BATTICE, EMMALINE BATTICE
male, RAHEEM, FLYNN, RAHEEM FLYNN
female, FRANKIE, WINQUIST, FRANKIE WINQUIST
male, WYLIE, BARTLING, WYLIE BARTLING
female, KRISSY, MERCIL, KRISSY MERCIL
male, DELL, PERSCHKE, DELL PERSCHKE
female, KATHERINE, GENTEMANN, KATHERINE GENTEMANN
male, JOYCE, GRAYTON, JOYCE GRAYTON
female, DOROTHY, KARLSSON, DOROTHY KARLSSON
male, ALWIN, WALKERSMITH, ALWIN WALKERSMITH
female, KARLY, CABBAGE, KARLY CABBAGE
male, COLIE, CANDIANO, COLIE CANDIANO
female, DEBORAH, PASKA, DEBORAH PASKA
male, VIRGIL, SINACORI, VIRGIL SINACORI
female, NILDA, BAULEKE, NILDA BAULEKE
male, MARTIN, PELSOR, MARTIN PELSOR
female, RYAN, REFFITT, RYAN REFFITT
male, ORAL, TELO, ORAL TELO
female, KAIYA, HISER, KAIYA HISER
male, WINFORD, HARRILL, WINFORD HARRILL
female, HAILIE, HAPE, HAILIE HAPE
male, ANANIAS, HARSHBERGER, ANANIAS HARSHBERGER
female, JOSETTE, DEAROLF, JOSETTE DEAROLF
male, ZED, INNS, ZED INNS
female, DORTHY, EVANGELISTA, DORTHY EVANGELISTA
male, CHESTER, RASULO, CHESTER RASULO
female, LULA, BRESEE, LULA BRESEE
male, MAUDE, MERACLE, MAUDE MERACLE
female, DRUSILLA, SCHROBILGEN, DRUSILLA SCHROBILGEN
male, CASSIDY, PAPIN, CASSIDY PAPIN
female, ROMAINE, ASWEGAN, ROMAINE ASWEGAN
male, LUIGI, TACKIE, LUIGI TACKIE
female, MARTINE, EVERTS, MARTINE EVERTS
male, RUDY, GRUESBECK, RUDY GRUESBECK
female, SIGRID, KUERSCHNER, SIGRID KUERSCHNER
male, GRANVILLE, BRUSH, GRANVILLE BRUSH
female, WILLA, PHIN, WILLA PHIN
male, BOBBIE, GOLUBSKI, BOBBIE GOLUBSKI
female, AMBERLY, SHUTA, AMBERLY SHUTA
male, KING, ARMOGAN, KING ARMOGAN
female, DANYELL, PRUCNAL, DANYELL PRUCNAL
male, JEWELL, MURAMATSU, JEWELL MURAMATSU
female, NIKKI, SUREZ, NIKKI SUREZ
male, AUDREY, LIEBSCHER, AUDREY LIEBSCHER
female, COLETTA, NAIMOLI, COLETTA NAIMOLI
male, CAIDEN, QUINNELLY, CAIDEN QUINNELLY
female, VICTORIA, AARSVOLD, VICTORIA AARSVOLD
male, TRAYVON, GRAVANTE, TRAYVON GRAVANTE
female, ELNA, HEYN, ELNA HEYN
male, GUSTAF, KALTMAN, GUSTAF KALTMAN
female, EARLEAN, CELSO, EARLEAN CELSO
male, JAMIN, CHUMPITAZ, JAMIN CHUMPITAZ
female, MELVIN, NUNEZLOPEZ, MELVIN NUNEZLOPEZ
male, TOM, KONZ, TOM KONZ
female, DELORES, SCHANZENBACH, DELORES SCHANZENBACH
male, WINTHROP, ARFLIN, WINTHROP ARFLIN
female, REANNA, DODE, REANNA DODE
male, MITCHEL, VEN, MITCHEL VEN
female, JESSYE, PAVELL, JESSYE PAVELL
male, TERELL, MABEY, TERELL MABEY
female, RICHARD, MONTILLO, RICHARD MONTILLO
male, OCTAVE, MEINTS, OCTAVE MEINTS
female, KATHYRN, LIMATO, KATHYRN LIMATO
male, BOYD, MARZIANI, BOYD MARZIANI
female, HULDAH, SIOK, HULDAH SIOK
male, DORMAN, MCFARQUHAR, DORMAN MCFARQUHAR
female, RONDA, LOURY, RONDA LOURY
male, WHIT, NAVID, WHIT NAVID
female, JOANIE, HANABURGH, JOANIE HANABURGH
male, KIYOSHI, ARNIERI, KIYOSHI ARNIERI
female, STEPHENIE, DAVION, STEPHENIE DAVION
male, ALFORD, BREITEN, ALFORD BREITEN
female, ROLANDA, MRUZ, ROLANDA MRUZ
male, MILTON, AKINYEMI, MILTON AKINYEMI
female, QUINN, MOTTL, QUINN MOTTL
male, COLEY, CARMACK, COLEY CARMACK
female, KARRIE, DINKENS, KARRIE DINKENS
male, RAHSAAN, SKEANS, RAHSAAN SKEANS
female, KAYA, DAVDA, KAYA DAVDA
male, HAMILTON, GLINSMANN, HAMILTON GLINSMANN
female, CHRISSIE, PHILIPP, CHRISSIE PHILIPP
male, LUCIANO, ROSAUER, LUCIANO ROSAUER
female, WILDA, JETTER, WILDA JETTER
male, CHAUNCEY, KAMPERT, CHAUNCEY KAMPERT
female, ARDELLA, FRANZOY, ARDELLA FRANZOY
male, BARNIE, NEVAREZ, BARNIE NEVAREZ
female, GENEVIEVE, BATTINO, GENEVIEVE BATTINO
male, WINFIELD, LANOS, WINFIELD LANOS
female, CONNIE, WELLENDORF, CONNIE WELLENDORF
male, TIMMY, SARGENT, TIMMY SARGENT
female, SHAWNDA, LIVSEY, SHAWNDA LIVSEY
male, TAYLOR, MENGERS, TAYLOR MENGERS
female, NELIA, RAZIN, NELIA RAZIN
male, GANNON, MAGRANN, GANNON MAGRANN
female, BRANDY, ZISKIN, BRANDY ZISKIN
male, KARIM, TYNDALE, KARIM TYNDALE
female, MADONNA, AUGUILLARD, MADONNA AUGUILLARD
male, TYRESE, LAFKO, TYRESE LAFKO
female, DELOIS, BERGMARK, DELOIS BERGMARK
male, THOMAS, DYKEMA, THOMAS DYKEMA
female, ROXANN, ONOFREI, ROXANN ONOFREI
male, LYLE, DARRIGO, LYLE DARRIGO
female, NATOSHA, BONFIELD, NATOSHA BONFIELD
male, JAYDEN, GROVE, JAYDEN GROVE
female, STARR, SPARMAN, STARR SPARMAN
male, BUNK, GEILING, BUNK GEILING
female, ADELAIDE, ENGLEKING, ADELAIDE ENGLEKING
male, WAYLAND, LITZINGER, WAYLAND LITZINGER
female, ANGELINE, BENETTE, ANGELINE BENETTE
male, NUNZIO, SOULSBY, NUNZIO SOULSBY
female, CARMELITA, PEWO, CARMELITA PEWO
male, HILL, KEINER, HILL KEINER
female, BERTA, GAUTHE, BERTA GAUTHE
male, MATTHIAS, PAETH, MATTHIAS PAETH
female, CAROLYNE, MORIGEAU, CAROLYNE MORIGEAU
male, ALPHONSUS, KESINGER, ALPHONSUS KESINGER
female, SOPHIA, CELENTANO, SOPHIA CELENTANO
male, CORDARO, FASSL, CORDARO FASSL
female, LONNIE, VANDERTIE, LONNIE VANDERTIE
male, DICKIE, HOBENSACK, DICKIE HOBENSACK
female, ROSAMOND, TALE, ROSAMOND TALE
male, JEREMY, SCHNITKER, JEREMY SCHNITKER
female, ALTHA, WEEKES, ALTHA WEEKES
male, ELTON, HANKO, ELTON HANKO
female, CONNIE, OBRYON, CONNIE OBRYON
male, BRENNEN, VECCIA, BRENNEN VECCIA
female, AISHA, DEGG, AISHA DEGG
male, CECIL, SHULSE, CECIL SHULSE
female, TANJA, PREDMORE, TANJA PREDMORE
male, JAIR, HERPEL, JAIR HERPEL
female, CATRINA, JILLSON, CATRINA JILLSON
male, ARNULFO, BALADO, ARNULFO BALADO
female, SHARYN, LEHTO, SHARYN LEHTO
male, ALONZO, ELIDRISSI, ALONZO ELIDRISSI
female, MARGARETTE, EDMISTER, MARGARETTE EDMISTER
male, CALHOUN, FURBEE, CALHOUN FURBEE
female, CORAL, HAILSTOCK, CORAL HAILSTOCK
male, TYSON, MACHECA, TYSON MACHECA
female, SKYLA, DIANA, SKYLA DIANA
male, BUDDY, CONSTANTINO, BUDDY CONSTANTINO
female, WILLIAM, MAGILL, WILLIAM MAGILL
male, EMMANUEL, SZUBA, EMMANUEL SZUBA
female, GAIL, MORRONE, GAIL MORRONE
male, KAREEN, MERLUZZI, KAREEN MERLUZZI
female, LISBETH, BOLDT, LISBETH BOLDT
male, LUVERNE, SADANA, LUVERNE SADANA
female, JERRICA, HASON, JERRICA HASON
male, VON, SCHEIHING, VON SCHEIHING
female, JAMIYA, WOLKING, JAMIYA WOLKING
male, FRANCES, DORIUS, FRANCES DORIUS
female, ALTA, FONTAINE, ALTA FONTAINE
male, AYDIN, RAITHEL, AYDIN RAITHEL
female, KAMRYN, JEZAK, KAMRYN JEZAK
male, TARIK, LALENA, TARIK LALENA
female, LOUISA, CALLACI, LOUISA CALLACI
male, CHADWICK, VAGTS, CHADWICK VAGTS
female, ANABEL, TROMBATORE, ANABEL TROMBATORE
male, THELMA, SAIENNI, THELMA SAIENNI
female, MADELYNN, YELICH, MADELYNN YELICH
male, ZIGMUND, FLENORY, ZIGMUND FLENORY
female, KATHALEEN, LISENBEE, KATHALEEN LISENBEE
male, CLINTON, HOLMEN, CLINTON HOLMEN
female, JILLIAN, WARCHAL, JILLIAN WARCHAL
male, HORACIO, PEVELER, HORACIO PEVELER
female, SHANTA, SMOLKA, SHANTA SMOLKA
male, BABYBOY, NISANOV, BABYBOY NISANOV
female, CHLOE, KITCHER, CHLOE KITCHER
male, LOU, VORRASI, LOU VORRASI
female, DORINDA, OTTATI, DORINDA OTTATI
male, EDMOND, BARTES, EDMOND BARTES
female, ELBA, HOCHREIN, ELBA HOCHREIN
male, NIKOLAI, SMALLING, NIKOLAI SMALLING
female, LAVONA, MCLERNON, LAVONA MCLERNON
male, BUEL, ZADRA, BUEL ZADRA
female, INGRID, PANGELINA, INGRID PANGELINA
male, ORLO, WALKOWSKI, ORLO WALKOWSKI
female, AUDRIANNA, MOELLERS, AUDRIANNA MOELLERS
male, DARRIUS, KRULA, DARRIUS KRULA
female, EVELINE, LANDEN, EVELINE LANDEN
